{"type":"FeatureCollection","features":[{"type":"Feature","properties":{"shapeName":"Fars","shapeISO":"IR-14","shapeID":"17685810B30738859401369","shapeGroup":"IRN","shapeType":"ADM1"},"geometry":{"type":"Polygon","coordinates":[[[54.561411599865494,29.62649729951079],[54.55946829982224,29.62705639993294],[54.55891169951536,29.62705639993294],[54.55863509953025,29.627336000056403],[54.556411700239835,29.627335900231685],[54.54446869987066,29.62816570018697],[54.543911999739066,29.628445199586338],[54.542521899665985,29.628445199586338],[54.49613259953992,29.639835400183642],[54.49474270001565,29.639835400183642],[54.493909300074165,29.64011500030705],[54.49113279973898,29.64011500030705],[54.4869627000686,29.640665100314152],[54.48585279996678,29.640953699953343],[54.48196279954362,29.640953699953343],[54.48168619955851,29.640967199676595],[54.47640960012302,29.641224299661758],[54.472242999714695,29.640953699953343],[54.471409699597984,29.640665100314152],[54.470019700249,29.640665100314152],[54.463073100243435,29.639005700053076],[54.448349999552875,29.633720899699824],[54.44612989987502,29.63261170016989],[54.40529389989359,29.619003099613394],[54.399460700151224,29.61733469983659],[54.36751449949463,29.610390699771017],[54.36668120027724,29.610390699771017],[54.35751459951922,29.609001900117676],[54.347234799946136,29.607613099564958],[54.34584820003448,29.607613200288995],[54.34529149990283,29.607333500340815],[54.34334819985958,29.60733360016559],[54.341241600019885,29.60690989987205],[54.34056820026228,29.606774399918663],[54.3391817001754,29.606774499743437],[54.33806829991215,29.606503900035023],[54.3366817000005,29.606503900035023],[54.335568299737304,29.60622429991156],[54.33390169950388,29.606224399736334],[54.331401700228355,29.605665199489408],[54.329735099994934,29.605665300213502],[54.32834509974663,29.605394699605768],[54.32612509989349,29.605394699605768],[54.31973520001952,29.604555999959473],[54.31695519952291,29.604555999959473],[54.30028879968842,29.60205799987682],[54.29528890006276,29.601507899869716],[54.29195569959592,29.601507899869716],[54.29001229972789,29.601219199506488],[54.28501249992701,29.601219300230582],[54.28084589951868,29.600669099499385],[54.278622500228266,29.60066920022348],[54.276955899994846,29.600389600100016],[54.27334260028084,29.60038969992479],[54.2727891997618,29.600110099801327],[54.26750929981438,29.600109999976553],[54.26612269990272,29.599839500092912],[54.26417599952282,29.599839500092912],[54.24861949979015,29.596223300065276],[54.2427863998725,29.596223300065276],[54.22028659974683,29.62622669980243],[54.21945339945489,29.6267859000493],[54.21750669997425,29.629834000139056],[54.21500679962418,29.63317079969272],[54.19584039961478,29.660668100052817],[54.19500709949807,29.661497800183383],[54.19500709949807,29.662056999530932],[54.19417380028074,29.662895700076547],[54.170284099731475,29.709279199575462],[54.16722750014907,29.71539399953349],[54.120558199701236,29.772061500238124],[54.107501700143416,29.786510699809014],[54.106668400026706,29.787620000062986],[54.10639180004159,29.78817930013463],[54.10611520005648,29.788449899843044],[54.105558400100165,29.789009000265196],[54.10528170029028,29.78955929992179],[54.103058499750034,29.79289649967376],[54.09222529965791,29.822066100170446],[54.091668599526315,29.82567389963083],[54.08916860025073,29.85373479972128],[54.08944530006062,29.85456469950134],[54.08916860025073,29.855953699703548],[54.08944530006062,29.856783600382926],[54.089725299483064,29.859841399660922],[54.09027860017733,29.864008599916986],[54.09222529965791,29.874282499937465],[54.09972519945842,29.892340999937232],[54.099920599656,29.892927400179417],[54.10000179944353,29.893170799892573],[54.10000179944353,29.894009700087622],[54.10361519988163,29.909010499734848],[54.10333509973509,29.912339000344616],[54.10083509956024,29.922902000027307],[54.10028189959007,29.924011499930828],[54.09861519953188,29.93317619952205],[54.09861519953188,29.934565400273073],[54.09861519953188,29.93623420024818],[54.0980585002996,29.93845329987994],[54.047222599443444,29.990954100351473],[54.038612699716396,29.996790699531232],[54.035279500148874,29.998179900282196],[54.03138949972566,29.999848800082134],[54.00305320024506,30.015680799929044],[53.99990960024792,30.017316399632193],[53.99555329954518,30.020119199741316],[53.99516469979113,30.02046619955553],[53.991386799861004,30.023727599948813],[53.991102499880526,30.023873100363346],[53.99076010009861,30.024054599740055],[53.9888867996861,30.025125999865054],[53.98722009962796,30.027065399548576],[53.97249699983672,30.03762029993692],[53.970830299778584,30.038738900080205],[53.958883800147305,30.046515300041108],[53.95527389987063,30.05012380007338],[53.93999760010922,30.061517800306262],[53.930274300118924,30.074292199625347],[53.91499450019609,30.09401329967409],[53.91110459959765,30.099850299951413],[53.910827999612536,30.100400599608065],[53.90832799943769,30.1026290000284],[53.90805129962786,30.103179299684996],[53.9074947002203,30.103738699581356],[53.905551400177046,30.10678800026608],[53.90471800023556,30.108736699838857],[53.90277129985566,30.112904699592264],[53.90221469954878,30.114014400044596],[53.90027139950553,30.11957190002323],[53.89527149987987,30.129847599587094],[53.89471479974827,30.132066999592382],[53.89082819966171,30.140403300372043],[53.89054820023932,30.141792699873236],[53.8797150001472,30.164852899941422],[53.87888170003049,30.165962599494435],[53.876938499811956,30.171240500248928],[53.874158399490625,30.176238799980695],[53.8736051995204,30.176798199877055],[53.87082510009833,30.182067100216557],[53.86804849993837,30.186794699515815],[53.86721519982166,30.187624799844684],[53.86443869948647,30.19318250037213],[53.86415860023925,30.19374190026855],[53.864438599661696,30.202628800179014],[53.876938499811956,30.221512599926598],[53.881105100220225,30.230399800210648],[53.88610490002117,30.238465899681557],[53.88749500009425,30.242074899736906],[53.88999489954506,30.251792300174543],[53.8911048994716,30.255960700126252],[53.89138139963194,30.25873969967745],[53.89193819958831,30.26040880002614],[53.89221479957342,30.264297599854387],[53.89221479957342,30.264856999750805],[53.89332810001184,30.2659579003369],[53.895828200011465,30.27373540016862],[53.89693810011329,30.275964000238446],[53.897771500054716,30.278742999789642],[53.907494599496204,30.292349399705074],[53.90860470014684,30.29401869970326],[53.9086045994228,30.294578099599676],[53.910551299802705,30.29818730020378],[53.914717900210974,30.30763429968323],[53.9172178994865,30.311793799943985],[53.925551100303096,30.33401750010762],[53.92610779953537,30.34901409992085],[53.92582770028821,30.35040360014608],[53.92168579975993,30.36651599961374],[53.9158278003128,30.38929410034251],[53.91416120007938,30.393742700265477],[53.90555129945295,30.41373869968129],[53.89860469944739,30.445682500047383],[53.89888140015654,30.44930099964148],[53.90110469962224,30.464018799727853],[53.904437999913796,30.470967200176176],[53.90499470004545,30.47151770038164],[53.9053247997997,30.47255249989803],[53.9091612995544,30.484575399635048],[53.90999459967111,30.486804200253687],[53.92805089992913,30.52540919987473],[53.92916099968045,30.533467799899086],[53.930274300118924,30.536797799678766],[53.930827500089094,30.54013670004872],[53.930550999928755,30.54124669997526],[53.930274300118924,30.543746499601355],[53.929994399621876,30.5462460995779],[53.92971759998733,30.54874580027854],[53.92916099968045,30.55596540028307],[53.92916099968045,30.557075400209612],[53.925550999579,30.56985389953786],[53.91082789978782,30.59180130008997],[53.87943840016209,30.630137999569058],[53.8771297001756,30.631779999747266],[53.86693850001183,30.639027399594852],[53.86638189970495,30.639857599748495],[53.86554859958824,30.64013739952145],[53.858601999582675,30.644577599776483],[53.85499199948123,30.647916799620646],[53.84082559982164,30.655416399946944],[53.839435599573335,30.656246600100587],[53.83887889944174,30.65680619964644],[53.83610230018104,30.6576364996248],[53.83554569987422,30.6576364996248],[53.83415909996256,30.657916300297074],[53.78554300020937,30.674305500298658],[53.78387639997595,30.67513580027702],[53.73971040021485,30.687635400053694],[53.73498699985021,30.689025299577963],[53.71443080014137,30.693465499832996],[53.663871399445554,30.704864100098177],[53.661371400170026,30.705134900355404],[53.65915150014166,30.705694499901313],[53.657761499893354,30.705694499901313],[53.65331490006264,30.706804599652628],[53.64998159977108,30.707364100273082],[53.633038599951476,30.709304500002702],[53.62970529965992,30.709304500002702],[53.611648799752345,30.711524699505333],[53.60831560018488,30.711524699505333],[53.60609219999509,30.711804500177607],[53.59942570013601,30.711804500177607],[53.597478999756106,30.712084200125787],[53.59220250014533,30.71208429995056],[53.56497960002855,30.714584200300635],[53.56303620016058,30.714584200300635],[53.56192279989733,30.71486400007359],[53.553313099819775,30.715414500278996],[53.52914330002335,30.71791449955458],[53.50636699973728,30.722634600306606],[53.50497710021307,30.72263470013138],[53.49692050028091,30.725134599582134],[53.492477299887526,30.725973899975543],[53.49219719974104,30.726253699748497],[53.49053049968285,30.72653360024549],[53.471087499688394,30.731524500355476],[53.4605311001302,30.73680419975409],[53.45858439975029,30.73736380019926],[53.44941779989159,30.74624460000831],[53.44941779989159,30.746524399781265],[53.44875520009248,30.747187100304473],[53.44441790026593,30.751524499955735],[53.44330789944007,30.75402450013064],[53.4327514000571,30.766244800157438],[53.424694800124996,30.777364099773422],[53.39552859996496,30.812085199972046],[53.3880252998278,30.817365199744245],[53.38330539962453,30.820695699546945],[53.377472100057446,30.825416099773236],[53.36358240020763,30.833196300269094],[53.29941329998388,30.863748399768895],[53.28580020011918,30.870138699841164],[53.27996689965278,30.872359099892606],[53.27746689947787,30.873198500110732],[53.274686800055804,30.87457949994399],[53.27357689995404,30.8751390994899],[53.27302029964716,30.875418900162174],[53.272466900027496,30.87569869993513],[53.263853699788456,30.88069899975909],[53.2624670998768,30.882089000007397],[53.25302049969633,30.88819950030677],[53.24774400008562,30.890979499904063],[53.2460773998522,30.891530099934243],[53.24413069947224,30.892640299510276],[53.24367999973225,30.892981100297618],[53.243020699545696,30.893479699728402],[53.24191079944387,30.89375049998563],[53.24163080002148,30.894030299758583],[53.24079740008,30.894030299758583],[53.23885410003675,30.89486069956166],[53.23746409978844,30.89486069956166],[53.22690759950615,30.89848010027646],[53.225520999594494,30.898750899634365],[53.22135089992412,30.9007005003279],[53.21801759963256,30.901810699903933],[53.14746209969621,30.93458430022531],[53.14523869950642,30.93542380026821],[53.143292099850555,30.936533900019526],[53.14273880005561,30.937084500049707],[53.142182099924014,30.93736439964738],[53.13801539969097,30.938754399895686],[53.137182200298355,30.938754399895686],[53.123015699914674,30.946255199917573],[53.118849099506406,30.94875539974197],[53.096626000089884,30.961536499909585],[53.09579279979795,30.96236689971272],[53.08162299980165,30.969867699734607],[53.0524566998169,30.987360799561316],[53.05217659967042,30.987920400006487],[53.03495690004098,30.9965315003285],[53.025233799700175,31.000015699664857],[53.01940050013303,31.00153209962673],[52.99356419992796,31.005973100278425],[52.9855075999958,31.00820269949503],[52.98106439960242,31.00959279956811],[52.97717440007858,31.01097380030069],[52.969397900292904,31.01459339976566],[52.94884150003526,31.03597719968809],[52.941894900029695,31.059310999602985],[52.93522819962175,31.07403349954643],[52.933004999980824,31.076533899919582],[52.92911839989432,31.081814499539576],[52.928838399572555,31.082924799839702],[52.927451699836126,31.084865499942907],[52.91606179961241,31.111810499654894],[52.911895299928176,31.121261699867603],[52.89939210016536,31.13626439978225],[52.8955055000788,31.14014589981349],[52.895225399932315,31.140425699586444],[52.8949487999472,31.1405656997473],[52.89411549983049,31.14153609971129],[52.89272539975747,31.14292619978437],[52.889115499480795,31.14597730001242],[52.888282200263404,31.146257199610147],[52.887725599956525,31.14709669965299],[52.87661579987929,31.154038400152103],[52.861335900131735,31.158479700278008],[52.85689269973835,31.16042949972166],[52.855225999680215,31.160980199576613],[52.8393895994505,31.171812600171393],[52.83355639970813,31.179043400332716],[52.831612999840104,31.186535799787407],[52.831612999840104,31.191256999510983],[52.83355639970813,31.195698400360925],[52.850226100054556,31.2137617998672],[52.85050279986439,31.21431239989738],[52.8688357999323,31.223763899584355],[52.87550229979138,31.226264499606998],[52.87800229996623,31.22681509963718],[52.90633859944688,31.230976699814903],[52.90717200028763,31.23126569965234],[52.9085618998119,31.231265599827623],[52.91244859972318,31.232096100354795],[52.91800509965566,31.232646800209693],[52.92439499952968,31.233757200334594],[52.92883829974778,31.234596800202212],[52.94578469990404,31.24098799959654],[52.95550790006956,31.250710400264836],[52.97161780032127,31.277088499734532],[52.97467430007896,31.295432299760876],[52.97661760012221,31.303204900086143],[52.97745090023892,31.307655500101305],[52.97773089966137,31.308206299780977],[52.97773089966137,31.3087568998111],[52.97773089966137,31.310706799978902],[52.978007499646424,31.311817200103746],[52.978287599792964,31.32265040019587],[52.97773079983659,31.325430799991466],[52.968840999612496,31.361821300013048],[52.9682842994809,31.3626517996409],[52.968007699495786,31.36432190003569],[52.96550770022026,31.36959409998775],[52.96273119988501,31.37459549968264],[52.95161789964641,31.388489199716844],[52.9507845995297,31.389879500338736],[52.93467149949015,31.404874600082792],[52.906895199753706,31.422650499820747],[52.90411520015641,31.42376089994565],[52.88967209978762,31.4282116996103],[52.88855880024846,31.4282116996103],[52.8880054995542,31.428482499867528],[52.88744869959788,31.428762299640482],[52.86578240013773,31.43682430000149],[52.86466899987448,31.437095100258716],[52.848559300171644,31.44764880005215],[52.84577929967497,31.45042939949724],[52.818279699748416,31.479598800344434],[52.805776599810315,31.487101099536176],[52.80160989957727,31.4915428996851],[52.800499899650674,31.493213099904665],[52.80077649963579,31.494323599854283],[52.80105659978233,31.494874299709238],[52.80049999947545,31.494874299709238],[52.79938989972413,31.49515420020623],[52.79910990030169,31.494874299709238],[52.79772340021481,31.494874299709238],[52.79660999995161,31.49460350035133],[52.794666699908305,31.49460350035133],[52.79299999985017,31.494874299709238],[52.7871668001078,31.494874299709238],[52.78633349999109,31.49515420020623],[52.784386799611184,31.49515420020623],[52.78244349956793,31.4954340998039],[52.779386899985525,31.495433999979184],[52.77744359994222,31.495704900061128],[52.76216380001944,31.495704900061128],[52.76105380009284,31.495993800073848],[52.754943999466036,31.496264600331074],[52.73299750003463,31.498485499506273],[52.730497599684554,31.49904519977622],[52.72910759943625,31.499045299600937],[52.69077149980495,31.502936399894963],[52.68660479957191,31.502936399894963],[52.66021519957184,31.504877299647717],[52.65632529987272,31.504877299647717],[52.6260490997862,31.50793790031389],[52.62326910018885,31.50793790031389],[52.61854910016092,31.50848860016879],[52.61549259950391,31.50848860016879],[52.61382589944577,31.508768499766518],[52.610769299863364,31.508768499766518],[52.59632280005724,31.509878999716136],[52.58660289950427,31.510429699571034],[52.58465620002369,31.51042959974626],[52.58243639982004,31.51070950024331],[52.57965629949865,31.51070950024331],[52.578546400296204,31.51098939984098],[52.574932999858106,31.51098939984098],[52.57382309975628,31.511269199613935],[52.55965660027192,31.512379699563553],[52.49965409955712,31.52293359990574],[52.497154100281534,31.523493300175687],[52.49659749997471,31.523493300175687],[52.4329850998825,31.542660100383387],[52.43020510028521,31.54293099956601],[52.412981899595025,31.54543180013752],[52.41075850030461,31.54543180013752],[52.40770539998425,31.545991499508148],[52.39992549986198,31.546822099860094],[52.3977055000089,31.547372799714992],[52.39353889960057,31.548212500306704],[52.38103569983775,31.55154379960669],[52.37297919973031,31.55460450009764],[52.34520299981864,31.57182130031282],[52.34492279984738,31.57210119991049],[52.34464619986227,31.572381099508164],[52.24742089995465,31.661545499825024],[52.24464079963326,31.662655999774643],[52.24075080010937,31.66376649972426],[52.23936430002249,31.66376649972426],[52.23741749981781,31.664326199994207],[52.222697699639184,31.66654729971816],[52.22075119980809,31.666547199893387],[52.21991779986661,31.666827200215153],[52.21880789976484,31.666827200215153],[52.21769449950159,31.667106999988107],[52.215474599473225,31.667106999988107],[52.21491790024095,31.667377900070107],[52.21408450029952,31.667377900070107],[52.213808000139124,31.66765779966778],[52.21269459987593,31.66765779966778],[52.21214130008099,31.667937600340053],[52.21102799964251,31.66793770016477],[52.208808099614146,31.66848840001967],[52.20714139955601,31.66848840001967],[52.20658480014845,31.668768199792623],[52.205194700075424,31.668768299617398],[52.204641299556386,31.66904810028967],[52.20322329981548,31.669201299800193],[52.20213799976892,31.669327999887344],[52.20186149960858,31.669598899969287],[52.20130469965221,31.669327999887344],[52.20075139985727,31.669327999887344],[52.1943614999833,31.668217499937725],[52.19269479992511,31.668217499937725],[52.19186159963317,31.667937600340053],[52.19047149956009,31.667937600340053],[52.18630490005114,31.667377800245333],[52.14630209946239,31.66154540000025],[52.14491560027477,31.660994700145352],[52.144082199434024,31.660994700145352],[52.14269239973453,31.66043490005063],[52.13408240018265,31.657934100378498],[52.130469099569325,31.65655259962284],[52.07824659970089,31.620709599668317],[52.072689800294086,31.61710740028633],[52.04630039994356,31.595709999916608],[52.010464099938304,31.550433100007638],[52.00963089964637,31.548492099530847],[52.00796419958817,31.545991200033882],[52.00296439978729,31.536267900043583],[51.998797699554245,31.52543400027895],[51.98824120017133,31.502376199601997],[51.983798099602666,31.494323099831263],[51.980464599661616,31.489041699814663],[51.93879529956348,31.415987299574283],[51.937961899621996,31.415427600203657],[51.937682000024324,31.41459699985171],[51.9365720999225,31.413486599726866],[51.93657200009778,31.41265600027424],[51.9365720999225,31.412376199601965],[51.9365720999225,31.412096399829068],[51.93629540011267,31.40404339988305],[51.9365720999225,31.402933099582924],[51.93740530021449,31.397092100020473],[51.93823870015592,31.394871299770728],[51.9418520996947,31.376535799587543],[51.944351900220056,31.35487829999363],[51.94518539998626,31.35237769997093],[51.945461900146654,31.350147900205457],[51.94796200014622,31.34098479960886],[51.94879519953889,31.335983499738745],[51.95351859990353,31.31653799962902],[51.95351859990353,31.314867999958267],[51.95518520013695,31.306255699940664],[51.95546180012201,31.304043900105967],[51.955738599756614,31.30237379971112],[51.956295200063494,31.30098359981332],[51.95462859983007,31.294871999643135],[51.95462859983007,31.29293109989038],[51.95435199984496,31.290981199722637],[51.95462859983007,31.29042150035201],[51.95462859983007,31.288209699617994],[51.96351840005417,31.243758800028672],[51.963518499878944,31.241818000100693],[51.96407510018577,31.23792730000497],[51.964628499805485,31.234316299857426],[51.96518510011231,31.230976199791826],[51.96546189974691,31.22848470000895],[51.96574180024396,31.225984199811023],[51.96601859987851,31.22459390008845],[51.96629500021413,31.222093399890525],[51.96657520018539,31.220423400219772],[51.96824179951949,31.214032100101406],[51.9685183995046,31.21348140024645],[51.9685183995046,31.213201599574234],[51.9685183995046,31.21292179980128],[51.96824179951949,31.21126069982148],[51.9685183995046,31.210980900048526],[51.967961800097044,31.194316699955777],[51.956852000019865,31.150977699661155],[51.94101890030208,31.112920200107226],[51.94018570001009,31.111809999631816],[51.924905800262536,31.082924199991908],[51.921849299605526,31.077092899617696],[51.902406199786356,31.034586499767215],[51.902126300188684,31.03430669999426],[51.9012929002472,31.0332054999339],[51.90101640008686,31.032925600336227],[51.89851630008724,31.027365299868734],[51.8976830997953,31.021254299546342],[51.89740299964876,31.012363199801882],[51.89656969953205,31.000123399775134],[51.89795969978036,30.991810100056114],[51.89795969978036,30.990970600013213],[51.8976830997953,30.99069989958076],[51.8976830997953,30.99014929955058],[51.8976830997953,30.989589600179954],[51.8976830997953,30.98930979950768],[51.895459599780736,30.985419399785542],[51.89490299947391,30.984029399537235],[51.872960000203875,30.944584599499706],[51.87240339989705,30.9443138001418],[51.87157019960506,30.94264390029582],[51.856013600047675,30.926532300325448],[51.84990380032019,30.91958220015846],[51.84156729989104,30.90653050028243],[51.841290500256434,30.905970999661974],[51.83712409949766,30.898479299879853],[51.83545750016356,30.893478900231116],[51.83268080017882,30.882638799640915],[51.83240070003234,30.87597770021074],[51.84156739971576,30.84596680012777],[51.842400500182976,30.844035300089104],[51.84268070015423,30.842356499652794],[51.856290499507,30.813194600050792],[51.858513799872014,30.802634700331225],[51.8585137000473,30.800414499929275],[51.85795709974042,30.800414400104557],[51.85768039993059,30.79985479965933],[51.85740389977019,30.799584000301422],[51.854903799770625,30.795134500157133],[51.84657059985335,30.7690328999484],[51.833514200120305,30.742083200379454],[51.832680900003595,30.74041350018291],[51.82740100005617,30.733473100103538],[51.8129577998626,30.715142899625164],[51.79767799993982,30.704303700155663],[51.78934480002255,30.701253299600126],[51.78934489984732,30.700973499827228],[51.787398099642644,30.700973499827228],[51.787398099642644,30.701253299600126],[51.78656490025003,30.701253299600126],[51.78628819954082,30.701524000032634],[51.78545489942411,30.701524000032634],[51.78517819961428,30.700693700054273],[51.80545459955016,30.684304199679104],[51.83406759973997,30.6659745999479],[51.85212409964754,30.645966500153918],[51.85351409989585,30.644296899782148],[51.854904000319436,30.643186899855607],[51.86295729973966,30.63152689994655],[51.864347200163195,30.626518199555335],[51.86934719961363,30.61596840012163],[51.869903899745225,30.61568870017345],[51.870460500052104,30.614858300370315],[51.880460400027516,30.608748700292324],[51.887126899886596,30.60096949984262],[51.88740359969643,30.599859499916022],[51.88823689981314,30.598189899544252],[51.88823689981314,30.593470100065133],[51.88796029982802,30.59319030029218],[51.88796029982802,30.592360000313818],[51.8879603996528,30.592080300365637],[51.88796029982802,30.590690499766822],[51.88768350019342,30.590131000045687],[51.8846271002605,30.58430119974065],[51.877960499677386,30.575412100088386],[51.85573750008564,30.554024299981506],[51.84823749956104,30.541245899578655],[51.84545759978846,30.537906900283247],[51.84406749971538,30.535416100172938],[51.834347899536,30.521248099720083],[51.834347799711225,30.52096849959662],[51.834347799711225,30.520688699823666],[51.83406780028878,30.52013819961826],[51.8335143997698,30.519298999948944],[51.8335143997698,30.51845980027963],[51.83295779946292,30.51735879986876],[51.831847799536376,30.512079599593903],[51.83129120012882,30.505410800168363],[51.83156770028921,30.501241699644766],[51.831847799536376,30.498462299895266],[51.832124299696716,30.496801899588036],[51.83240110023064,30.49485269999218],[51.832681199477804,30.493742799890356],[51.833514499594514,30.49124319991381],[51.833514499594514,30.490133199987213],[51.839067699914494,30.47735529960744],[51.83962440004609,30.477075499834484],[51.83990090020643,30.476245299680897],[51.8410144002944,30.475135399579074],[51.841014500119115,30.47457589985794],[51.84156770008934,30.474016400136804],[51.84323440014748,30.46957669990485],[51.84295759961361,30.465687400053525],[51.84184769951179,30.462628300355846],[51.83740119950579,30.45373990037615],[51.83156780011393,30.445681699650777],[51.83129120012882,30.444571699724236],[51.82629139942861,30.43680230008613],[51.82629139942861,30.43652260013795],[51.82573459947224,30.43596299969272],[51.82490130025485,30.43540359979636],[51.79684519984613,30.41095860025922],[51.78156530009858,30.399020500295876],[51.77712219952991,30.391801699788687],[51.77573209945689,30.38929320012113],[51.77073219983123,30.38207450033798],[51.761288999987414,30.374855699830732],[51.758788999812566,30.373736800213237],[51.754065700171964,30.372076499730724],[51.75295570024542,30.3720765995555],[51.75212249995349,30.37179689960726],[51.75017569974881,30.371796799782544],[51.749065799646985,30.371517099834364],[51.74295259958285,30.371517099834364],[51.74211919964142,30.371796799782544],[51.74073259972977,30.371796799782544],[51.731009399564186,30.374016599986135],[51.72767610017195,30.37540610021142],[51.7168429999046,30.38207450033798],[51.71295299948139,30.384023500284343],[51.70906309978227,30.386514000021123],[51.70322980021518,30.39040299949886],[51.65947869998206,30.415686699581556],[51.659060400117426,30.415966600078605],[51.65795029946679,30.416246300026785],[51.65767380020577,30.41652609979974],[51.65211730027323,30.41846599950634],[51.64878379943286,30.41846620005515],[51.646560499967165,30.418745800178613],[51.645450500040624,30.41929630038402],[51.63961740012297,30.421795699811753],[51.63378080004395,30.426794799940126],[51.63322739952491,30.427913900106432],[51.632114099985756,30.42901469996849],[51.62822749989925,30.437632299690904],[51.627394099957826,30.44013179984273],[51.62739419978254,30.440402600099958],[51.626004199534236,30.440961999996375],[51.625170900316846,30.441241799769273],[51.619337500025665,30.443741399745875],[51.61128119956777,30.4437412999211],[51.6040577999276,30.441241799769273],[51.583781399991665,30.42346509963471],[51.57905820017584,30.422355199532888],[51.57627819967922,30.422355199532888],[51.574611499621085,30.422355199532888],[51.56072179977127,30.426515099991946],[51.54877859975261,30.4317939000685],[51.53488889990285,30.434852899941404],[51.53294550003483,30.434852899941404],[51.532665399888344,30.43513269971436],[51.52905549961167,30.435683100095048],[51.52849900002889,30.435403400146868],[51.52794570023394,30.435683199919765],[51.52711240011723,30.435683100095048],[51.52627900017575,30.435403400146868],[51.523498999679134,30.435403300322093],[51.52294240027163,30.435683100095048],[51.52210899943083,30.435683100095048],[51.5212755994894,30.435683100095048],[51.502665999436374,30.442071900098142],[51.50071939978051,30.443181800199966],[51.484052800296524,30.45124000002602],[51.48321950017987,30.4512399002013],[51.46821969967942,30.45596839972194],[51.46766299954783,30.45623910015439],[51.46710990030169,30.456518899927346],[51.46655309944606,30.456518899927346],[51.46627319984833,30.456798599875526],[51.46543970008213,30.456798599875526],[51.46377309984871,30.45790849997735],[51.46071989970369,30.46096759967503],[51.45932979963061,30.464017600032264],[51.45932989945533,30.4645770997534],[51.45932989945533,30.46485679970158],[51.458496600237936,30.465127599958805],[51.45738670013617,30.465127500134088],[51.44710679983899,30.467906899883587],[51.44349669991283,30.467906899883587],[51.442383500198446,30.468186699656542],[51.44071680014025,30.468186599831768],[51.43933030005337,30.468466399604722],[51.43849680028717,30.468186699656542],[51.43183040025281,30.468186699656542],[51.40710400014956,30.463467199651575],[51.40488400029642,30.463467099826858],[51.40349409987289,30.463187399878677],[51.402660600106685,30.463467099826858],[51.399327399639844,30.463737900084084],[51.37432789971285,30.475965199534357],[51.372381099508175,30.477914300204816],[51.37015770021776,30.480964400386824],[51.37015770021776,30.48152390010796],[51.36988110023265,30.482354100261546],[51.36654779994109,30.486243499937643],[51.36238119953276,30.49457259984564],[51.362104599547706,30.495962199895644],[51.360157900067065,30.500411100192196],[51.35877130015541,30.50541039997006],[51.35710469992199,30.51457890009624],[51.358771199431374,30.525687600302547],[51.36377109995635,30.541245399555578],[51.36349109963459,30.543745100256217],[51.36321449964947,30.544575400234578],[51.36154790031543,30.5517947996903],[51.34960129996006,30.562633000012966],[51.339048200014474,30.56847179983373],[51.33071149993583,30.573191600212226],[51.329878299643894,30.573471300160406],[51.301545299775796,30.590689999743745],[51.29682200013525,30.59402909976319],[51.25181939974556,30.616518299579923],[51.237652900261196,30.630687099530064],[51.235986300027776,30.63291619962297],[51.227929700095615,30.64235609985417],[51.225153000110936,30.644855900379525],[51.21931969964447,30.649025400202106],[51.21765310031037,30.649575899508193],[51.21709650000355,30.65013549995342],[51.215429799945355,30.650694999674556],[51.211263199537086,30.653194800199913],[51.209039800246615,30.65346559955782],[51.209039800246615,30.653745400230093],[51.20792990014485,30.653745299506],[51.20653999972126,30.65346559955782],[51.20459659985323,30.652915100251732],[51.202929899795095,30.65291499952764],[51.19709689970222,30.651525199828143],[51.195706799629136,30.651525199828143],[51.19376360030998,30.650965700107008],[51.190983400163816,30.650694899849782],[51.18681700030436,30.650694899849782],[51.18598359946361,30.6504151999016],[51.18404030031968,30.650415100076884],[51.18237370008626,30.64985560035575],[51.17737359991173,30.649855700180467],[51.17709370031406,30.649305100150286],[51.161817299828556,30.628746699800388],[51.159037400056036,30.620687599752955],[51.15876070024615,30.617907899629927],[51.158483999537,30.617357500148557],[51.15709400018801,30.613467899923705],[51.15153750025547,30.6092984999259],[51.14264739965785,30.606798599575768],[51.141537700104834,30.606798700299805],[51.13653750010559,30.59846889981992],[51.13709439988668,30.596248899966838],[51.137647599856905,30.595689400245703],[51.13792760017867,30.59540959957343],[51.13820449963799,30.59485920009206],[51.1387610001201,30.5940289001137],[51.14376099957053,30.587639600087527],[51.143204299438935,30.580690699616127],[51.14292769945382,30.564022500238252],[51.16237080017237,30.54763440010754],[51.164037299681695,30.546244599508725],[51.16848389951241,30.54013529980432],[51.16876060022156,30.53985540020659],[51.17904049961942,30.53068690008041],[51.18487370026111,30.512909199899696],[51.18709709955158,30.50485079952483],[51.201263500110485,30.477634399707824],[51.20265010002214,30.47624479965782],[51.20320699980323,30.474854999958325],[51.20459690022682,30.47346539990832],[51.21432009949302,30.461517799506908],[51.218486799726065,30.455968200072448],[51.21959669982789,30.45429880024949],[51.2204299999446,30.453739299629035],[51.25543299983315,30.415966199880245],[51.25543299983315,30.415686400107347],[51.29487899956621,30.38457349956741],[51.2948791002903,30.38402310008604],[51.29654579944912,30.380404700316717],[51.29682219978474,30.379015100266713],[51.29682229960952,30.375965199734253],[51.2965456996244,30.37457559968425],[51.29626570020196,30.374295899736012],[51.295155700275416,30.37179639958424],[51.292655799925285,30.370686500381737],[51.29126579967698,30.370686500381737],[51.288765699677356,30.370127099586],[51.285989099517394,30.370127099586],[51.28432250018329,30.369576700104687],[51.28265589994987,30.369576700104687],[51.28237929996476,30.369296900331733],[51.280989199891735,30.369297000156507],[51.28071259990662,30.36901730020827],[51.28015599959974,30.36901730020827],[51.26820949996852,30.36373859995649],[51.265156100173954,30.360129299527614],[51.26432289988196,30.35845999952943],[51.26432289988196,30.35818929999624],[51.26404279973548,30.35790960004806],[51.26404279973548,30.35762990009988],[51.2609897003145,30.35402049984623],[51.25959949951732,30.353181400001688],[51.2573762998764,30.35235129967282],[51.25626629994986,30.35235129967282],[51.24348639947783,30.347072600320303],[51.240918799962685,30.3415124995023],[51.238486499852115,30.336244799757765],[51.23765329956018,30.325128399556036],[51.23876329948672,30.321239499903072],[51.24042989972014,30.3181806996796],[51.24070980021713,30.317621299783184],[51.25181979994386,30.308462899942924],[51.265432999633276,30.30179509966416],[51.26904270026046,30.297355699805735],[51.272099499492356,30.289018599528788],[51.27070940031865,30.282350700324628],[51.26904280008523,30.27957179969883],[51.26793280015863,30.279012299977694],[51.26765629999829,30.278741599545242],[51.265432999633276,30.277352100219275],[51.265432999633276,30.277072400271095],[51.26487629950168,30.27707250009587],[51.264599499867074,30.276792700322915],[51.263766400299176,30.276792700322915],[51.26376629957514,30.276513000374734],[51.26348959976525,30.276233299527178],[51.26320970016758,30.275962599994045],[51.262932899633654,30.275682900045865],[51.2490431997839,30.264016499661807],[51.23876329948672,30.256798399726392],[51.23792989954529,30.252070500053605],[51.235430099919256,30.25068099982832],[51.23459669997777,30.25068099982832],[51.23265349975924,30.249851000223543],[51.231543499832696,30.249851000223543],[51.23126339968621,30.24957119955127],[51.23042999974473,30.24957119955127],[51.23015349958439,30.24929149960309],[51.22765360013358,30.2490208000699],[51.22515359995873,30.248181800050077],[51.21848710009965,30.241793699719494],[51.214873599836835,30.24068400016654],[51.21293029979353,30.24068400016654],[51.21237359966193,30.240404199494265],[51.21154050009403,30.24040430021836],[51.211540400269314,30.24012460027012],[51.21098709957505,30.23985389983767],[51.21070699942851,30.239294499941252],[51.21015390018238,30.239014799993072],[51.208207099977756,30.23679530016301],[51.20765390000753,30.236795200338292],[51.20737370003627,30.23651560021483],[51.20626379993445,30.23651560021483],[51.20598719994939,30.23623590026665],[51.196817299578754,30.23540579993778],[51.19487389971073,30.23234720026312],[51.19459729972567,30.23095770003789],[51.19459739955039,30.23067800008971],[51.19293069949225,30.227348699982542],[51.19237410008469,30.227069000034362],[51.19126410015815,30.225959299582087],[51.18987400008507,30.21901190007918],[51.18626429945789,30.215682699796787],[51.184040900167474,30.210954899948717],[51.18364949992451,30.21051550019024],[51.183207600050764,30.20984530022048],[51.18320769987548,30.209294800015073],[51.18209419978757,30.20790539961456],[51.177927600278565,30.206236300165187],[51.169317799476914,30.212064700225767],[51.16265119979312,30.209015100066893],[51.159317799676785,30.20901519989161],[51.15848460028411,30.209294800015073],[51.15515139981733,30.209565499548205],[51.15459459986096,30.20873549994343],[51.15376129974425,30.20845579999525],[51.15320459961265,30.20818509956274],[51.152371199671165,30.20790539961456],[51.15181809952571,30.20790539961456],[51.15098459975951,30.20762569966638],[51.14876140011859,30.20762569966638],[51.14709479988517,30.210684300240302],[51.147371300045506,30.212624100122184],[51.14826160009284,30.21408910023183],[51.14237139952053,30.215682699796787],[51.13209510010881,30.209294800015073],[51.1304283002259,30.207345999718143],[51.13181499996233,30.206795700061548],[51.13348160019575,30.20679560023683],[51.13403829942803,30.206515900288593],[51.13514819952985,30.206515900288593],[51.13542839950111,30.206795700061548],[51.13709499973453,30.20679560023683],[51.13820499966107,30.206236200340413],[51.13820499966107,30.205685799959724],[51.137371599719586,30.204016800335125],[51.13681489958799,30.204016800335125],[51.13653819977816,30.20373699966285],[51.134871499719964,30.203186700006256],[51.13431490031246,30.20262730010984],[51.13459489973491,30.20206790021348],[51.134594999559624,30.201237899709383],[51.133761699442914,30.200678499812966],[51.1309816000209,30.199289100311773],[51.12931499978748,30.199288999587736],[51.127091699422465,30.200958199761146],[51.121538500001805,30.200958199761146],[51.12098189969498,30.200678499812966],[51.12014839992878,30.200678399988192],[51.118205199710246,30.1990092996395],[51.10903869967632,30.188182599847153],[51.10792530031239,30.188182599847153],[51.10764880015205,30.187902899898972],[51.10653530006408,30.187623199950792],[51.104592099845604,30.187623199950792],[51.104035499538725,30.189012700176022],[51.103482099919006,30.190122399729034],[51.10403539971401,30.197069499757674],[51.10042539961256,30.199568599711142],[51.09570219979673,30.197349199705855],[51.09625889992833,30.196239400328125],[51.09653549991344,30.195129699875793],[51.09459229969491,30.190952500057904],[51.09209219969529,30.19095240023313],[51.09014899947681,30.191511800129547],[51.08847889998128,30.1934605995271],[51.08736890005474,30.19402000032278],[51.086812199923145,30.197899600086544],[51.08597899963121,30.19984829965938],[51.085145599689724,30.199568699535916],[51.08209239954465,30.1990092996395],[51.080145700064065,30.1990092996395],[51.07653589961211,30.20012799960756],[51.07542589968557,30.20039870004001],[51.0662557996655,30.20039870004001],[51.06347940005435,30.198458900158187],[51.0629225002732,30.197349199705855],[51.06236940012775,30.196239400328125],[51.06264600011286,30.195959800204662],[51.06236940012775,30.195400299584207],[51.06125590003978,30.191511800129547],[51.057646099587885,30.189842699780797],[51.05708939945629,30.19012229990426],[51.055979500253784,30.190122399729034],[51.05570290026867,30.19040199985244],[51.05320280026905,30.189572000247665],[51.052922700122565,30.187072799570103],[51.052646199962226,30.186513399673686],[51.05292279994734,30.184853399564815],[51.05320290009382,30.18457359979186],[51.052922700122565,30.184014399544935],[51.05236950015234,30.181794799890156],[51.050423000321246,30.180676099922152],[51.05014619978732,30.18095570004556],[51.046256200263485,30.180955799870333],[51.044866100190404,30.182345200270845],[51.04431300004495,30.182345200270845],[51.04431300004495,30.18262479949493],[51.042922999796644,30.182624900219025],[51.04264639981153,30.182345200270845],[51.0418129998701,30.18234509954675],[51.04181309969482,30.182065500322608],[51.0381997001561,30.17956640036914],[51.03431300024482,30.17929569993663],[51.03264309949952,30.18095570004556],[51.032089699879805,30.18095570004556],[51.03097650016542,30.17734689963976],[51.03042319947116,30.177067199691578],[51.02819980018069,30.177067199691578],[51.02792330002035,30.17734689963976],[51.02708990007886,30.17734689963976],[51.02597659964039,30.178186000383675],[51.024866599713846,30.181794799890156],[51.024589899904015,30.182624900219025],[51.02347649964082,30.184014299720218],[51.0201433000733,30.182345200270845],[51.016533499621346,30.179566299645046],[51.01542339987009,30.179295600111914],[51.01430999960684,30.17929569993663],[51.014033399621724,30.17901599998845],[51.01347680021422,30.17901599998845],[51.01320020022911,30.17873630004027],[50.999853199865356,30.173458300360323],[50.998753599698944,30.173458300360323],[50.998753599698944,30.173738000308504],[50.99625359952404,30.176237200086746],[50.994866999612384,30.17679650015839],[50.99153039970821,30.17679650015839],[50.990361600307665,30.176343699602114],[50.98958699984024,30.176236999537934],[50.980697199616145,30.167070700052818],[50.96069749949004,30.15790420001889],[50.9579209002294,30.15678550005083],[50.95597419984949,30.15595539972196],[50.9398645001466,30.142061599862984],[50.939307800015,30.141790900329852],[50.93903139967938,30.14123160025821],[50.9373610996351,30.14012179998116],[50.9373610996351,30.139842199857696],[50.93708459947476,30.13957160014928],[50.93541790031588,30.13595369950366],[50.92486140003365,30.115122300054168],[50.924584800048535,30.112623299925417],[50.921808199888574,30.1012287996694],[50.92152809974209,30.093731900007242],[50.921808199888574,30.092342600330767],[50.92208479987369,30.09040290027366],[50.92236159950829,30.0898435003773],[50.92236159950829,30.08901359969792],[50.92264159983,30.084845599944515],[50.922918199815115,30.08400659992469],[50.919585000247594,30.066234200348106],[50.91597169963427,30.058448700147437],[50.90458529957198,30.037338799546035],[50.90319530022299,30.034839999966096],[50.89736199975653,30.024844399649396],[50.888195399897825,30.014848999881508],[50.88708209945935,30.014560400242317],[50.87458230003318,30.009562599634307],[50.86680580024756,30.005674600202667],[50.86652570010102,30.005124299646752],[50.86263929966401,29.998728399496088],[50.86485449983536,29.981821600086846],[50.864859000042884,29.98178710029447],[50.8648590998676,29.981227800222825],[50.8604157996495,29.973731499509142],[50.846526099799746,29.965675899623136],[50.836526399473826,29.963177100043197],[50.83541290028518,29.963456799991377],[50.83374620022704,29.963456700166603],[50.82346980009123,29.964845999843078],[50.81624650027584,29.967064999650063],[50.80735670005174,29.971512300052666],[50.79513359953603,29.977619400015328],[50.783743800036405,29.98401509961718],[50.7829103002702,29.98428580004969],[50.76124409973545,29.99206179981229],[50.75985409948714,29.99206179981229],[50.75930069986748,29.992341399935697],[50.758187399429005,29.992341399935697],[50.75680090024139,29.992621099883877],[50.754300800241765,29.99262100005916],[50.73429769977906,29.990952200083996],[50.73291109986741,29.99123180020746],[50.72207460016273,29.993450899839218],[50.717074799462466,29.994840199515636],[50.71374119969664,29.994840199515636],[50.71263150014369,29.9951197996391],[50.709851299997524,29.9951197996391],[50.70901809970559,29.99539949958728],[50.7037415002701,29.995670100195014],[50.6970749995117,29.995670100195014],[50.695408500002316,29.995958799658922],[50.68679500028907,29.995958799658922],[50.68651850012873,29.995670100195014],[50.683741899968766,29.994560499567456],[50.68346179982228,29.99401019991086],[50.67874189961901,29.98984249963172],[50.678185199487416,29.989283199560077],[50.66707209979762,29.97678929968646],[50.66096220024542,29.979288100165718],[50.66012899995343,29.98011790012106],[50.65596219989567,29.977898900314074],[50.65457229947208,29.97678929968646],[50.651515600064954,29.97733960024243],[50.64984909965625,29.977339499518337],[50.64790569978828,29.977898900314074],[50.64596239974503,29.978728800094075],[50.64290559961381,29.977059900294194],[50.63790599946236,29.97151199967908],[50.63651569973979,29.97095280033153],[50.63595899960819,29.97123250027971],[50.63373949977813,29.971232399555674],[50.63040580018759,29.970402499775616],[50.62734950007945,29.965955200272333],[50.625959199457554,29.964566100245406],[50.62540620003614,29.964845599644775],[50.62457289991943,29.964845700368812],[50.624292799772945,29.96512540031705],[50.62345920018197,29.964845700368812],[50.62290619986129,29.96428640029717],[50.62262599989003,29.96400670034899],[50.622072799919806,29.963176899494385],[50.622349499729694,29.9623380001986],[50.62262599989003,29.962067399590865],[50.622349499729694,29.960678099914446],[50.6217927995981,29.96039839996621],[50.621516199612984,29.95983919971934],[50.62012589989041,29.95983919971934],[50.61873959945302,29.96039839996621],[50.61734929973045,29.960398499790983],[50.61679269942357,29.960118799842803],[50.615959400206236,29.960118799842803],[50.61512619991424,29.9573404001394],[50.61429299962231,29.95762010008758],[50.61262629956411,29.9573404001394],[50.6112364000399,29.95456199953668],[50.609293000171874,29.952342999729694],[50.603183099720354,29.943728199596762],[50.60456990018082,29.943728199596762],[50.60540299974872,29.944007899545],[50.60845979987994,29.944007899545],[50.60901640018676,29.943728199596762],[50.6112364000399,29.943728300320856],[50.6117929994474,29.943448600372676],[50.614293099447025,29.943448600372676],[50.62484949990454,29.940119999938076],[50.62595930018159,29.940119999938076],[50.62679289977257,29.93984039981467],[50.62790630003576,29.93984039981467],[50.628739499428434,29.939560799691208],[50.63068290019572,29.939290199982793],[50.63429269974836,29.939290199982793],[50.64234900020625,29.93734170005945],[50.645682399423265,29.935402300375927],[50.648182299773396,29.932894600205714],[50.65484889945719,29.923729799890395],[50.65735249961824,29.919003099913198],[50.65818579973495,29.91734330035308],[50.66012919960292,29.915115200306275],[50.66040569976326,29.91484459969854],[50.68012879990425,29.89761570000462],[50.69624199976852,29.887612299867783],[50.713464900085114,29.87345069988993],[50.71374150007023,29.87317099994175],[50.71263169979318,29.866225499807],[50.70874180009406,29.864836399780074],[50.70624170009444,29.86483649960485],[50.70568509978756,29.865395699851717],[50.704574900211526,29.865954900098586],[50.703465099934476,29.866505099930464],[50.703465099934476,29.866784799878644],[50.70068499961309,29.866784799878644],[50.69540869965181,29.86150809971906],[50.694575199885605,29.86150809971906],[50.69401849975401,29.86122839977088],[50.68985200006978,29.8623378996744],[50.68735190007021,29.859280099497028],[50.685128400055646,29.859280099497028],[50.68374219944303,29.86066919952401],[50.68485180007059,29.86456580007166],[50.68429519976371,29.865116099728255],[50.68374209961826,29.865115999903537],[50.68290900005036,29.86567529997518],[50.681518699428466,29.86400659982479],[50.68096200019619,29.861787699842523],[50.68040880022602,29.86066919952401],[50.67985219991914,29.860948799647417],[50.6790185994289,29.861787600017806],[50.67596230022002,29.863176700044733],[50.67512869972978,29.86289709992127],[50.67429549943779,29.860669099699237],[50.67457559958433,29.85845019971697],[50.67485209974467,29.857340799638223],[50.67512869972978,29.856510899858165],[50.675408799876266,29.85623129973476],[50.674018899452676,29.854842199707775],[50.67318570006006,29.854842199707775],[50.67290559991358,29.85456259958437],[50.67207199942328,29.85456259958437],[50.67151890017715,29.854842199707775],[50.66957229962196,29.854842199707775],[50.669018800177525,29.854282899636132],[50.670405499913954,29.852343699602102],[50.67096229987027,29.850395299503532],[50.67068569988521,29.848456100368765],[50.6690189000023,29.847067100166612],[50.66818559988559,29.847337600050253],[50.665685599710685,29.847067000341838],[50.6654054995642,29.845948500023326],[50.6659621996958,29.84567790031491],[50.66707229944711,29.844559499821116],[50.66818559988559,29.84400929998924],[50.66762899957871,29.8415016996438],[50.66707229944711,29.841231099935385],[50.66485229959403,29.8415016996438],[50.664572300171585,29.839842099733175],[50.66512889957909,29.839282799661532],[50.6659621996958,29.839282799661532],[50.66651920020098,29.838723600313926],[50.665685599710685,29.838173399582786],[50.66429570018647,29.838173399582786],[50.66346240006976,29.83872349958989],[50.66262890030356,29.838723600313926],[50.66207220017196,29.83900319953807],[50.66123899987997,29.83900319953807],[50.66040590031213,29.837343499802728],[50.66068589973452,29.837063899679265],[50.66068589973452,29.836225100208253],[50.66012919960292,29.835674900376375],[50.65651909967676,29.835674900376375],[50.65596239954516,29.835395199528875],[50.65429599986055,29.83539530025297],[50.651515799714446,29.83456550029763],[50.64457269987025,29.828729599891176],[50.644015999738656,29.827060999565504],[50.64401609956337,29.825392300314434],[50.644849299855366,29.822064000253476],[50.64762950000147,29.817057999627025],[50.665685599710685,29.805675199550876],[50.6684621998707,29.804836400079864],[50.70374179974431,29.791505500278674],[50.73040809955421,29.787338499672046],[50.73235489975889,29.786508699716762],[50.74568789947705,29.783451100088257],[50.74846449963701,29.783171499964794],[50.751244400308906,29.783171499964794],[50.75263449948261,29.78289189984133],[50.76541089979327,29.781782499762585],[50.773744099710484,29.781782499762585],[50.775134199783565,29.782062099886048],[50.77902409948268,29.782062099886048],[50.78041089994315,29.78178259958736],[50.782910699569186,29.78178259958736],[50.7879139995315,29.781223400239753],[50.791247299823056,29.780673199508612],[50.79819039966725,29.780673199508612],[50.798747099798845,29.78039360028447],[50.800133799535274,29.78039360028447],[50.80069049966687,29.780114000161007],[50.80180049959341,29.780114000161007],[50.81541359945811,29.775396799722557],[50.81847039958933,29.775667400330292],[50.819580299691154,29.77539689954733],[50.820136899997976,29.775667500155066],[50.82069000014343,29.775396799722557],[50.82263679944879,29.775946999554435],[50.82569349975529,29.77594710027853],[50.82624679955023,29.775667500155066],[50.8268299001798,29.775436600119065],[50.827636699973766,29.77511730032319],[50.83457999946745,29.77372820029626],[50.836526699847354,29.77372830012098],[50.83735990013935,29.773448699997573],[50.84430319963303,29.773448699997573],[50.847636400099816,29.77400790024444],[50.85208299993053,29.774278499952857],[50.857916299497674,29.774278499952857],[50.859026299424215,29.77455810007632],[50.87291600017335,29.77455810007632],[50.927361900231574,29.78011409998578],[50.930141800004094,29.78011409998578],[50.93180850006229,29.780393700109244],[50.93458510022225,29.780393700109244],[50.93625169955635,29.78067330023265],[50.94514169942994,29.780673400057424],[50.947641499955296,29.780953000180887],[50.96180810016375,29.781782700311396],[50.96736460009629,29.781782700311396],[50.968474500198056,29.78206229953554],[50.9712546994449,29.782062400259633],[50.999867499985214,29.782892200214917],[51.01736729976113,29.777895399653005],[51.01792390006801,29.777895399653005],[51.018200599877844,29.7776157995296],[51.019033899994554,29.777615900253636],[51.019590500301376,29.777336200305456],[51.02264390009594,29.77677700005853],[51.02570039985363,29.77650650017489],[51.03153370032004,29.77650650017489],[51.03181030030515,29.776226900051427],[51.033200399478915,29.77622680022671],[51.03375699978574,29.77594729992802],[51.03459039972722,29.775947200103246],[51.034866999712335,29.775667599979784],[51.037646899484855,29.774837899849274],[51.03820030000389,29.77455829972581],[51.03875690031077,29.77455829972581],[51.039590400076975,29.77455829972581],[51.03986679951322,29.77427869960235],[51.05125669973694,29.770950600090146],[51.090149600223924,29.75094570008406],[51.093759499601276,29.74983639983003],[51.113759199727326,29.740943499642867],[51.16237190004318,29.717611099972316],[51.165428399800874,29.716501799718344],[51.17265179944104,29.714283200109662],[51.17431839967446,29.714283200109662],[51.177374899432095,29.713723999862736],[51.1895981995973,29.712614699608764],[51.19848470020878,29.712614699608764],[51.19987480028186,29.71233510038462],[51.20376469998098,29.712335200209395],[51.205154499680475,29.712055500261158],[51.21209780007348,29.711505299530018],[51.2159876997726,29.711505400254055],[51.2168211995388,29.71122580013065],[51.223487599573104,29.71122580013065],[51.224044399529475,29.710946200007186],[51.22682089986466,29.710946200007186],[51.22793089979126,29.71122580013065],[51.234044099855396,29.711225899955366],[51.23459749947506,29.710946299831903],[51.2409874002484,29.71067570012349],[51.24376730002092,29.710396100000082],[51.24460079978712,29.710396100000082],[51.24515380010786,29.71011649987662],[51.24682059999077,29.71011649987662],[51.247377300122366,29.709836899753157],[51.24876729947135,29.709836899753157],[51.24904410000528,29.709557400353788],[51.250433899704774,29.70955729962975],[51.2507107002387,29.709277699506288],[51.26237699989866,29.70733870002107],[51.2782134999531,29.700664799640833],[51.28654679969509,29.695397799568866],[51.2868233996802,29.695109199929675],[51.2873800998118,29.69483860022126],[51.288071600224214,29.69412330015024],[51.29709989964073,29.68650519975523],[51.29737980013772,29.685666500108937],[51.29793669991881,29.68511630027706],[51.29793669991881,29.68455710003019],[51.29932329983046,29.679001699968524],[51.299603399977,29.678442499721655],[51.2965466996705,29.658448200024452],[51.28738019963657,29.6448302995787],[51.28488030018576,29.641781999839452],[51.27404359993227,29.625945800158604],[51.270433799480315,29.614835299509537],[51.26987710024804,29.609830299828502],[51.2701571994952,29.608170899567426],[51.27043369965554,29.60733219992113],[51.270710299640655,29.605663899969045],[51.27241239971255,29.601197700313662],[51.27308499997281,29.59943269985928],[51.27737690022383,29.58816880005014],[51.27765699947099,29.58760969962799],[51.27765699947099,29.58733919974435],[51.27821369960259,29.5840025000154],[51.278490400311796,29.582613800186778],[51.297380099611985,29.530662499874495],[51.2979368995683,29.530112499692166],[51.30293689991805,29.51983249957027],[51.304323300180215,29.517884800043532],[51.32099330000085,29.49761379963718],[51.326546500320774,29.49316819985262],[51.32737969971345,29.492888699553873],[51.327659700035156,29.492609200154504],[51.329603000078464,29.49149999972525],[51.329879699888295,29.490941000027192],[51.33043640001989,29.490941000027192],[51.33071290018023,29.490390999844806],[51.35199920010308,29.473466800352583],[51.364605999966955,29.463438899985306],[51.36571599989355,29.46343880016053],[51.3668258001706,29.463997999508138],[51.36765920011203,29.463997899683363],[51.36877239982647,29.464557000105515],[51.375438999510266,29.471500099949708],[51.37599579946664,29.471500099949708],[51.37682909958335,29.471779600248396],[51.37932899993348,29.471779600248396],[51.38154880013707,29.470940999527556],[51.38266240004975,29.46900240024064],[51.38516219967585,29.464277499806826],[51.389882199703834,29.461500199974296],[51.39154889976197,29.46150029979907],[51.39488539984137,29.46371850010877],[51.39599539976791,29.463718400283994],[51.396271999753026,29.463997899683363],[51.39738549984099,29.463997999508138],[51.397938599986446,29.464277499806826],[51.40043869998607,29.464277499806826],[51.40099530029295,29.463997899683363],[51.401272099927496,29.464277499806826],[51.401828700234375,29.463997999508138],[51.404051899875356,29.463997999508138],[51.406828599860035,29.46288889980292],[51.40793849996186,29.4620502999814],[51.408771899903286,29.46177980009776],[51.41238509979257,29.462609299679514],[51.422661699577816,29.473438799960718],[51.42766150027808,29.47510700008803],[51.43349820018187,29.473718300259407],[51.43599830018144,29.473718400084124],[51.436274799442515,29.47399790038287],[51.437384800268376,29.473718400084124],[51.43794149950065,29.47399790038287],[51.44210809990892,29.47399790038287],[51.44433140027394,29.470661599952905],[51.44405139995217,29.469552500247744],[51.44433150009871,29.469002500065358],[51.44599809943281,29.466495700116525],[51.447108100258674,29.465666099810733],[51.44822139979783,29.46566619963545],[51.44988790020648,29.466225200232827],[51.45155460026467,29.466495700116525],[51.452107900059616,29.466225200232827],[51.45294109945223,29.466225200232827],[51.45433130024935,29.46566619963545],[51.45738789983176,29.4620502999814],[51.4584978997583,29.46150029979907],[51.45933110005029,29.46150029979907],[51.45988780018189,29.46177980009776],[51.46433099967595,29.46177980009776],[51.46572109974903,29.461779899922476],[51.466274500268014,29.46177980009776],[51.46988779998202,29.46260939950423],[51.47461089997313,29.46260939950423],[51.474610800148355,29.462888999627694],[51.47766419994292,29.46150029979907],[51.47877749948208,29.461500399623787],[51.479330900001116,29.46177980009776],[51.481277499656926,29.46177980009776],[51.482387299933976,29.46260939950423],[51.48405399999217,29.46260939950423],[51.48461089977326,29.462329900104862],[51.485997399860196,29.461220799500325],[51.48572060022559,29.460111699795164],[51.48322079970018,29.455945799958727],[51.48322079970018,29.454827799663292],[51.48322089952495,29.454557299779594],[51.48349739968529,29.453718699958074],[51.48461089977326,29.450661899826855],[51.48850079947238,29.44872329964062],[51.48961080029824,29.448723400364713],[51.48988729955926,29.448443900065968],[51.49044399969091,29.44872329964062],[51.5023870998848,29.45260970007763],[51.50377719995788,29.452609600252913],[51.50433390008948,29.452889099652282],[51.505167099482094,29.452889099652282],[51.5054438001913,29.453168699775745],[51.50739039984711,29.453168699775745],[51.507667099657,29.452889200376376],[51.50850039977371,29.452889099652282],[51.51183370006527,29.45122110007378],[51.51711029950076,29.446225799581043],[51.5173903996473,29.44510759963606],[51.51766689980764,29.442330399628304],[51.51794349979275,29.442050900228935],[51.51794349979275,29.440941799624397],[51.51933350004106,29.439832799743954],[51.521000200099195,29.43900320033748],[51.52211010020102,29.43900320033748],[51.52266690015739,29.438723700038793],[51.52377680025916,29.438723700038793],[51.52405689950638,29.438444199740104],[51.52988999942397,29.438444199740104],[51.53044680027966,29.43816470034068],[51.531556800206204,29.43816470034068],[51.53989000012348,29.433998900329016],[51.55155639960822,29.425387999656493],[51.55238990027374,29.424269899536284],[51.55266970004669,29.421772299651934],[51.55294649968124,29.421222300368925],[51.5518364997547,29.41427049958395],[51.55350309998812,29.4117728996996],[51.55461309991466,29.410943300293127],[51.55572319966598,29.410104800296324],[51.55711300026479,29.409834299513363],[51.55961299954038,29.408995699691843],[51.560169699671974,29.40844580023355],[51.566279600123494,29.405109700352455],[51.56655970026998,29.404550599930303],[51.56711300006498,29.404271099631615],[51.56877960029834,29.40066449986682],[51.569612799691015,29.40066449986682],[51.5698928998375,29.400384999568132],[51.57183610005603,29.400384999568132],[51.574336200055654,29.395939899806592],[51.57461280004077,29.395669399922895],[51.57461280004077,29.395110400224837],[51.57711290004033,29.393442399747016],[51.577669399623176,29.393721900045705],[51.57933609968131,29.393721900045705],[51.57961259984165,29.393442399747016],[51.58100279973945,29.393442399747016],[51.58100260008996,29.393162900347647],[51.58266939997287,29.393162900347647],[51.58600259954039,29.39205379974311],[51.58655919984727,29.39149489986977],[51.587115999803586,29.39149489986977],[51.58711589997887,29.39121539957108],[51.58850259971524,29.388997299985476],[51.590169299773436,29.385661299929097],[51.59212880020402,29.383484400085024],[51.59266920012357,29.38288419974606],[51.59266920012357,29.38260470034669],[51.62072889961905,29.31732860033469],[51.62183889954565,29.313722200219388],[51.62211549953071,29.312604199923953],[51.632672099637716,29.2923281003616],[51.63350529992971,29.2914986997053],[51.633782099564314,29.290660199708498],[51.63489540000273,29.289551400376865],[51.63517199998785,29.28872189989579],[51.66295160023623,29.250658999912957],[51.66545170023585,29.247043999580967],[51.666008199818634,29.245935099525298],[51.666841699584836,29.24510569976826],[51.674061400313406,29.234269600261882],[51.676008099794046,29.232322300034184],[51.67656479992564,29.231213499803232],[51.67711799989581,29.230942999919534],[51.677674799852184,29.22982520017291],[51.708231000260525,29.195938300312378],[51.70934089946297,29.195379500263755],[51.70962099960951,29.194829500081426],[51.710174400128494,29.194549999782737],[51.71076910021384,29.19375869980422],[51.71100759952117,29.193441300275822],[51.71128769966765,29.193161799977133],[51.711840999462595,29.192323399805105],[51.72017749989175,29.18148790014652],[51.72406409997831,29.174267200271117],[51.72462070028513,29.173996800212194],[51.72584289963015,29.172550499705835],[51.726287399444004,29.17232009969291],[51.75851029991048,29.13955289984648],[51.76073370010022,29.138155699625884],[51.79545650001751,29.11509770019876],[51.80656980025611,29.10371309967985],[51.80712649948839,29.102604400172993],[51.80934629969204,29.099548699912646],[51.80990309964841,29.098431099815457],[51.810179499983974,29.098160599931816],[51.812679599983596,29.092599099768677],[51.812679599983596,29.092328599885036],[51.812679599983596,29.09176979983647],[51.81267969980837,29.090661100329555],[51.81359400006312,29.089030400132913],[51.81379289952275,29.08843470000147],[51.81545959958089,29.085658500039813],[51.816292999522375,29.076771000281497],[51.81656959950749,29.076491599807525],[51.81517939960963,29.06816299992255],[51.81295960030536,29.065377799545843],[51.794903200222564,29.047323899578373],[51.79462329972557,29.046764999705033],[51.79406999993063,29.04454780034075],[51.83351599966369,29.008990800085428],[51.835182699721884,29.00732350017944],[51.83601609966331,29.00704399988075],[51.83740259975025,29.00537669997476],[51.84268259952239,29.00015809961667],[51.84745770011284,28.996224900258994],[51.86740549946427,28.979825199773188],[51.876848700207404,28.961763900183882],[51.88796199954669,28.947316900354735],[51.8882385995318,28.945929000023398],[51.88879519983868,28.94509979991591],[51.895185199537366,28.926489400365597],[51.895185199537366,28.925371900093182],[51.89601859947885,28.923155000203167],[51.896295199463964,28.922596100329827],[51.896295199463964,28.92231679968063],[51.90657499993637,28.895929500146337],[51.92351820030473,28.864541499690517],[51.93213139964445,28.85204249976158],[51.943241199721626,28.83926429990754],[51.9443545001601,28.83814690035922],[51.95907759995134,28.823431499664025],[51.96046439951249,28.821205700083055],[51.97094249959673,28.78977649988559],[51.974354100261564,28.779538800275475],[51.97880070009228,28.757039199799294],[51.98074419978502,28.74564990032269],[51.980744099960305,28.744541600114815],[51.981020600120644,28.743983099540458],[51.99268709943016,28.697589599580397],[51.99296719957664,28.69703999959637],[51.99296719957664,28.69203950012286],[51.99296719957664,28.691760099648945],[51.993244000110565,28.69120150014919],[51.99324390028585,28.690931199914985],[51.993244000110565,28.690372700239948],[51.993520500270904,28.688985100282196],[51.99741039997002,28.67592990024474],[51.99907710002822,28.671479199505484],[51.9993572001747,28.669812299797854],[52.00102390023284,28.665929100048004],[52.00102390023284,28.665100300138818],[52.00713369996032,28.646477599661523],[52.007410499594926,28.645928099502214],[52.00935699942602,28.639261099620114],[52.00935699942602,28.638981799870237],[52.00963379995994,28.63814389972123],[52.01019040026682,28.637035800062165],[52.010467000251936,28.63620690032826],[52.010743799886484,28.635098699945104],[52.01130040019336,28.634819500019944],[52.01352369965906,28.630927499504537],[52.01991370025712,28.605647900330382],[52.02019019951814,28.603152400363058],[52.02074689964974,28.601476699889815],[52.021023599459625,28.59898119992249],[52.03547010016507,28.54119989965568],[52.036023399960015,28.531200700252157],[52.0363035001065,28.529254900093633],[52.03658000026684,28.52814700008406],[52.03741340020832,28.521480899523965],[52.037969999615825,28.51731010018102],[52.04380349973178,28.486755300017137],[52.04797000031533,28.460921499927338],[52.048523300110276,28.457588800382894],[52.04908000024187,28.45397690001397],[52.04963659964943,28.45008560007045],[52.050189899444376,28.446473699701528],[52.05102309973631,28.441753900222352],[52.051303199882796,28.44092520013794],[52.05407989986753,28.42981039983016],[52.05407989986753,28.429531100080283],[52.05407989986753,28.428423200070654],[52.05582319968096,28.423068599736155],[52.056026600247435,28.422586699816407],[52.05907979949319,28.41592150037701],[52.08084269963092,28.363846099917623],[52.09713930003875,28.324811999574194],[52.104082599532376,28.310645799564043],[52.10602579975091,28.30647610009197],[52.11130579952311,28.29730829963836],[52.112139199464536,28.29508390030179],[52.11269589959613,28.294534599791973],[52.12297219990717,28.262304100054223],[52.123248899717,28.259809600132996],[52.123529099688255,28.258701999597633],[52.121862499454835,28.22897629971652],[52.12158240020767,28.223969600316877],[52.121305699498464,28.22035869999405],[52.12158240020767,28.213416100172935],[52.12186239963012,28.211191899586538],[52.12547239973151,28.199530899631384],[52.14130549944929,28.174804799901665],[52.14130549944929,28.174525799625997],[52.14147719981298,28.17418210032372],[52.14352869998959,28.17007759990139],[52.15825179978077,28.145640599833882],[52.15908529954697,28.14480319970795],[52.16019529947357,28.143695799721456],[52.17075169993109,28.13008200018419],[52.17908480002353,28.1234192999608],[52.19908800031101,28.11147149990984],[52.21742110020364,28.095355399731943],[52.22047750013655,28.091754099672016],[52.22075419994644,28.091186899955517],[52.22992069998037,28.079806799644132],[52.23325400027193,28.073414600203705],[52.23408740021341,28.07258649996703],[52.26520029985403,28.04424520025583],[52.27853689955833,28.037304200328606],[52.28353670025854,28.03508059959006],[52.294089900028894,28.03035419998639],[52.29547990027726,28.030084100301053],[52.30159320016611,28.028418699763222],[52.302703100267934,28.028418699763222],[52.304369699602034,28.02786049956245],[52.305479699528576,28.027860600286544],[52.30936960012701,28.02702329998533],[52.31075970020004,28.02702329998533],[52.33325919995218,28.023134199783556],[52.33520240017066,28.023134299608273],[52.33937259966581,28.022305999722164],[52.363262199490975,28.015077099828318],[52.36409539978291,28.01480700014298],[52.36464880030195,28.01480700014298],[52.368538799825785,28.01230430020337],[52.37603849997686,28.00591269971136],[52.37742860004988,28.004247300072905],[52.37826190016659,28.00368919969685],[52.38020530003462,28.001474600272616],[52.382151899690484,27.99869299988211],[52.38755739985419,27.99354599994797],[52.38798520015689,27.993138699691315],[52.38937170024383,27.98924970021352],[52.38965179949099,27.98813339963675],[52.389928399476105,27.987305300299397],[52.39020499946122,27.985630900245894],[52.3904850996077,27.983974599947885],[52.39103829957793,27.980913900356256],[52.39131839972441,27.979248499818482],[52.391594999709525,27.977583200004744],[52.391871699519356,27.975359699990236],[52.39326169976766,27.96841019967104],[52.40159489968494,27.948408600176833],[52.40270829994813,27.947301300015056],[52.402984899933244,27.947022299739388],[52.40671869980821,27.940785999574246],[52.40715149944219,27.94035210006939],[52.42715119956824,27.912295100338667],[52.43632109993888,27.895634199858478],[52.43659779974871,27.895076200206518],[52.44159759954965,27.885913300158734],[52.44243099949108,27.885076300231106],[52.44298759979796,27.88396919971882],[52.44965430020585,27.87202520020287],[52.449930900190964,27.87174619992726],[52.455210899963106,27.856184199940913],[52.45521080013839,27.855077299977438],[52.45798750012307,27.847021899740923],[52.45826410010818,27.846463800264246],[52.45854409953063,27.846184899813352],[52.464097399675325,27.837301599888974],[52.48687699957395,27.809518500378545],[52.50104340013286,27.787298300376335],[52.501600100264454,27.786470299964435],[52.50160020008923,27.78618230017304],[52.50660009971489,27.77563490013057],[52.50826669994831,27.762576899604312],[52.508546700270074,27.757294299892067],[52.50882330025513,27.752020799520324],[52.5093801002115,27.747575199735707],[52.50962729956029,27.746578099799535],[52.509933400006446,27.743966699703492],[52.510490000313325,27.742013800296718],[52.51354669972045,27.732573999890235],[52.52660320017759,27.707296599558447],[52.52715640014782,27.706459700354912],[52.52715640014782,27.705901900352444],[52.52771320010413,27.705352900216212],[52.52771320010413,27.704794999489707],[52.54076969966195,27.668963799539767],[52.54076959983723,27.66784799988534],[52.54104619982229,27.66702020002225],[52.54160299977866,27.66618339974417],[52.54160299977866,27.665904500192596],[52.54160299977866,27.665625499916928],[52.541879499939,27.665355500056307],[52.541879499939,27.665076700329507],[52.542712899880485,27.663124099497622],[52.548546099622854,27.653685200211896],[52.55076939998787,27.649519199651365],[52.550769499812645,27.649240300099848],[52.5510460997977,27.648961399648954],[52.5510460997977,27.648682400272605],[52.56326930013813,27.624514800217923],[52.56354919973586,27.62424490018202],[52.59743869953638,27.58645650026733],[52.60188199975454,27.58174210031774],[52.602715200046475,27.580626500312803],[52.613358000171615,27.571947399552926],[52.62382840026049,27.563406699959273],[52.629104899871265,27.56118439964041],[52.629938199987976,27.561184500364448],[52.631884899468616,27.560626599637942],[52.63299490029448,27.560626599637942],[52.633551599526754,27.560347799911085],[52.634661599453295,27.560347799911085],[52.635494899570006,27.56006890035951],[52.63660479967183,27.560068799635474],[52.637161499803426,27.559789999908617],[52.64049470027027,27.559789999908617],[52.64077479951743,27.559511100357042],[52.64771800008572,27.55756780031379],[52.660217799511884,27.551738000008754],[52.66688430027028,27.548409299749437],[52.68549739958536,27.538684200215698],[52.68716399981878,27.53728979958464],[52.68744069962867,27.53728979958464],[52.687720699950376,27.537010900033067],[52.68799739976026,27.53674099999722],[52.736889899849075,27.51090400011958],[52.73688999967379,27.510625099668687],[52.73910979987744,27.50979750035441],[52.74234670004023,27.508473399727677],[52.74522309976629,27.50729659995818],[52.74605649970778,27.5072966997829],[52.75466629961011,27.50285269989223],[52.75494639975659,27.502294999714536],[52.75799969972644,27.500064000253474],[52.76801689996,27.49033090035084],[52.76855599945986,27.48951190035399],[52.77466940007281,27.483124999718996],[52.775779300174634,27.480903099598436],[52.78883579973245,27.467850600225063],[52.79883559988309,27.46145489972389],[52.80077889992634,27.46006960023192],[52.8088354998585,27.453961899522085],[52.8088354998585,27.45368299997051],[52.817312299922776,27.448598199847083],[52.828282000014326,27.442016300112186],[52.844369300303015,27.42815030009632],[52.84467160021421,27.427849299705485],[52.84522490000916,27.42757040015391],[52.84522490000916,27.427291599527734],[52.84689489967991,27.425627500308963],[52.847728299621394,27.425348699682786],[52.880504300233326,27.401737699934927],[52.88578430000547,27.39581449963947],[52.88578430000547,27.395342600180925],[52.886060999815356,27.395072700145022],[52.88967429952936,27.38923539949417],[52.89300759982092,27.38423459964713],[52.90245069983996,27.370626400188257],[52.91773059958757,27.349508500117224],[52.92800699972332,27.341180400255325],[52.93078689949584,27.33922869964482],[52.943843300128265,27.329785399976288],[52.943843300128265,27.32951559976516],[52.94467670006969,27.32951559976516],[52.94495339987958,27.329236899863076],[52.94578669999623,27.32923680003836],[52.952176699694974,27.327006500249865],[52.97411960003956,27.31312060003569],[52.99967919953548,27.304792900372092],[53.0088458002935,27.297292600373282],[53.00912240027861,27.296735099845023],[53.01999680011227,27.289809199535],[53.03349690016188,27.28272799979743],[53.04393829981274,27.277781799590457],[53.04967839993827,27.275062099536342],[53.0505117998797,27.275062099536342],[53.05162499959408,27.27451360032245],[53.07468130020192,27.270898500165686],[53.07690469949233,27.270898500165686],[53.07745810001137,27.270619699539566],[53.08079119975412,27.270619699539566],[53.08190450019259,27.27034089981271],[53.090514499744415,27.270340999637483],[53.0924611002996,27.270619699539566],[53.10246089955092,27.270898500165686],[53.10634749963748,27.270898500165686],[53.1074608000759,27.271177299892543],[53.11579409981789,27.271177299892543],[53.11690409974449,27.271455999794625],[53.12718390021689,27.271455999794625],[53.12829380031866,27.271734799521425],[53.1296837996677,27.271734799521425],[53.130517099784356,27.272013600147602],[53.13079369976947,27.272013600147602],[53.131350399901066,27.27173490024552],[53.13162699988618,27.271456099619343],[53.14246029980302,27.266734800070992],[53.14718349961885,27.26534100018705],[53.14774029957522,27.26479240024912],[53.1482968998821,27.264792500073895],[53.156630099799315,27.260071400175036],[53.15718339959426,27.25979259954886],[53.174686499882114,27.253398900039258],[53.18357289976956,27.251456600042104],[53.229688899523126,27.239784499754933],[53.26996830009705,27.225621799906207],[53.27107830002359,27.224785499651148],[53.27718809975107,27.22200700012303],[53.3266373997962,27.198951800285386],[53.32802409953263,27.198682000074314],[53.33691389975672,27.19562489956951],[53.33802730001992,27.19562489956951],[53.3435803996158,27.19339499997932],[53.34441369973251,27.19339499997932],[53.344693799878996,27.19312519976819],[53.34580369998082,27.193125299592964],[53.34608039979065,27.192846499866107],[53.34691369990736,27.192846499866107],[53.3471938000539,27.192567799964024],[53.34774700002407,27.192567799964024],[53.34802699944652,27.192279999822176],[53.34886029956323,27.192279999822176],[53.34913700027238,27.19201030033514],[53.34997029948977,27.19201030033514],[53.35024689947488,27.19173159953374],[53.351360299738076,27.19173149970902],[53.35191359953302,27.19145279980694],[53.35274689964973,27.191452899631656],[53.35302699979627,27.191174099904856],[53.35358019976644,27.191174099904856],[53.35386029991298,27.190895400002773],[53.354136899898094,27.190616600275916],[53.35469360002969,27.190346899889562],[53.35691689949539,27.186453500029074],[53.362750199961795,27.170898299816713],[53.37441670017063,27.148114799558414],[53.375249899563244,27.14728759954312],[53.381639900161304,27.137559499871088],[53.398306299995795,27.122284100331],[53.40024960003905,27.12061190001924],[53.40969609949548,27.113949900367686],[53.41052939961213,27.113950000192403],[53.44649759958463,27.106483299764534],[53.44662279960255,27.106457300364184],[53.44665149966704,27.106451300087485],[53.446831499873895,27.106413899981533],[53.44802879968938,27.106173200033197],[53.44969890008423,27.106173200033197],[53.46164189955408,27.103952600332264],[53.46330859961222,27.103952600332264],[53.465531899977236,27.103395199628835],[53.46691840006417,27.103395199628835],[53.4677518000056,27.103116499726752],[53.46914180025391,27.103116499726752],[53.46997499964658,27.102846800239718],[53.471088399909775,27.102846800239718],[53.47164169970472,27.102559099922587],[53.4724750996462,27.102559099922587],[53.484421600176745,27.100617200123736],[53.489421499802404,27.100617200123736],[53.49247810028413,27.100617200123736],[53.49358810021073,27.100617200123736],[53.49414469961823,27.10089590002582],[53.49497809955972,27.10089590002582],[53.49525480026887,27.1011745999279],[53.49608799966148,27.1011745999279],[53.496921299778194,27.10200170011842],[53.499144699967985,27.102846800239718],[53.49969799976293,27.103395199628835],[53.50025460006981,27.103395199628835],[53.5180342994434,27.12588939967611],[53.521644299544846,27.13395409980194],[53.523034199968436,27.137010999757877],[53.53025749978383,27.150623300125233],[53.5360906995262,27.15756439987723],[53.53664410004524,27.15756439987723],[53.53747729943785,27.158121899506114],[53.53831059955456,27.15812179968134],[53.5385906997011,27.158400600307516],[53.53886729968616,27.158121899506114],[53.540257299934524,27.15812179968134],[53.54053389991958,27.15784299995454],[53.54192390016789,27.15784319960403],[53.54359060022608,27.157285699975148],[53.54970049977828,27.151450500140527],[53.55081390004153,27.150344499499113],[53.566229799765495,27.137149999872634],[53.56636970010163,27.137009899887005],[53.56664689993454,27.136732399680568],[53.56692349991965,27.136453500128994],[53.56692359974437,27.13617480022691],[53.56748020005125,27.13534779986111],[53.57970339949236,27.125341000286994],[53.63220579985784,27.098396599523483],[53.648872199692335,27.092283199809856],[53.68387509975611,27.082286299972793],[53.68887500028109,27.08033539975895],[53.68942830007603,27.080056799681586],[53.69081829942502,27.079787000369834],[53.75776719959663,27.052844599698574],[53.76860029986398,27.050066799842966],[53.77137699984871,27.04895210005941],[53.77193360015559,27.048952000234692],[53.77221029996542,27.048673400157327],[53.78359999964033,27.045895600301776],[53.78499009971341,27.045895600301776],[53.78526669969847,27.04561700022441],[53.793323199805855,27.04561700022441],[53.79443319973245,27.045895600301776],[53.79609989979059,27.045895600301776],[53.80582309995617,27.04895210005941],[53.811102999903596,27.05089380020877],[53.81165619987377,27.051451200012934],[53.82443609944647,27.05894859969817],[53.82665599947484,27.061456700066685],[53.82693609962138,27.06172639955372],[53.827212699606434,27.062005100355123],[53.8274926999282,27.062283800257205],[53.82832600004491,27.062841100236653],[53.85776880019006,27.089235599743176],[53.85915890026308,27.089784000031614],[53.85971559949536,27.09034139983578],[53.90693809991342,27.111450699690067],[53.91110469942237,27.113113899586835],[53.91305139980233,27.11367130029032],[53.9188845995447,27.115900899506983],[53.93332760008872,27.123677799490906],[53.9341610000302,27.124504899681426],[53.9822202000023,27.17839719957118],[53.983330199928844,27.179790899630348],[53.99222009997766,27.188953199830337],[53.99249669996277,27.189231999557194],[53.99277680010931,27.18978940026068],[54.0002766000851,27.193952600332295],[54.01194310029388,27.205066299869884],[54.0152762998614,27.20728729976912],[54.018609600152956,27.210344500098643],[54.023056299808445,27.21339279983789],[54.0263896001,27.21950730032171],[54.029722799667525,27.222843400202805],[54.030832799594066,27.224785600375185],[54.03305609995908,27.227006700099196],[54.034999400002334,27.230064000253435],[54.034999400002334,27.23506370022966],[54.03138949972566,27.24312080018484],[54.02777620001166,27.25006280015816],[54.02416619991027,27.25923519974475],[54.02166629956014,27.263120000287813],[54.0205562996336,27.2661775000916],[54.015832999992995,27.27423500024514],[54.01360979945275,27.276177400067013],[54.01110969945313,27.277283499633825],[54.00919770031368,27.276903199722938],[54.00644099945259,27.27584699993912],[54.00343539952411,27.27564589983848],[53.99980950030823,27.274528500290103],[53.99638669948666,27.273119900263225],[53.98638679951125,27.28451379977207],[53.98444360019204,27.28673500022012],[53.980830199753996,27.290619899688693],[53.971663799544785,27.30589930031249],[53.9708303996033,27.307014400294406],[53.96666380009435,27.319506099526905],[53.96638720010924,27.32034249960674],[53.966107099962755,27.32284259960636],[53.96638720010924,27.330343199978756],[53.966107099962755,27.331179600058533],[53.965830599802416,27.335343599627492],[53.96610719978747,27.340622899727066],[53.96722050022595,27.34422949949186],[53.96749720003578,27.34450830011798],[53.96749720003578,27.34506579974692],[53.96777380002089,27.3464508995894],[53.96777380002089,27.346738699731247],[53.9686071001376,27.350066399944467],[53.97222039985161,27.353124200121783],[53.97258999962884,27.353311599950416],[53.973330399778206,27.353960700026335],[53.973330399778206,27.35423060006218],[53.99083009972935,27.360346400066362],[53.99111010005112,27.360625199793162],[53.999993599624986,27.36371349957841],[54.00749980007578,27.363952999831156],[54.010984699983965,27.365025400002253],[54.01471969955452,27.366174499753413],[54.01555640000788,27.366174499753413],[54.018609600152956,27.36784739973774],[54.018889700299496,27.36811719994887],[54.04833249954527,27.380349200155536],[54.05333590023167,27.38284970035346],[54.09611520025635,27.402565399973298],[54.10639159949278,27.407017699707126],[54.10778159974109,27.407287499918255],[54.10944819997451,27.408123999822806],[54.15306089994061,27.42034780001103],[54.157784199581215,27.421454100126653],[54.23528619969841,27.43645759953864],[54.236676199946714,27.43645759953864],[54.25334269960598,27.440622299679433],[54.27695559962126,27.44646010035342],[54.27778889973797,27.44646010035342],[54.279175499649625,27.44701790035589],[54.28139880001464,27.44728769966764],[54.286955399771955,27.448681899749943],[54.29890200012727,27.450903700045785],[54.30112179943154,27.450903700045785],[54.33342639970863,27.45564220002757],[54.35223430027281,27.45839670024759],[54.35306770021424,27.458684600214156],[54.35834769998644,27.458684600214156],[54.37001409947118,27.457020500096064],[54.37112410029704,27.45729040013191],[54.37529410014264,27.457290300307136],[54.38390390004503,27.458396800072308],[54.38557050027845,27.45839670024759],[54.38668050020499,27.458684600214156],[54.3875138003217,27.458396800072308],[54.388070499553976,27.45812690003646],[54.388903799670686,27.45812690003646],[54.38946049980228,27.457847999585567],[54.39251369994736,27.457848100309604],[54.39279380009384,27.45812690003646],[54.3933503995014,27.45812690003646],[54.39362710021055,27.457847999585567],[54.39418379944283,27.457848100309604],[54.39446039942794,27.45812690003646],[54.398070299704614,27.45812690003646],[54.39835049967587,27.457848100309604],[54.40085030020123,27.457848100309604],[54.40168360031794,27.45756919985871],[54.40418359959352,27.45756919985871],[54.40473690028779,27.457290300307136],[54.41168350029335,27.457290300307136],[54.413350199452225,27.457020500096064],[54.413626699612564,27.456732699954216],[54.41501669986087,27.456732600129442],[54.42918320024455,27.453125500341628],[54.43057309976882,27.453125500341628],[54.43168309969536,27.45284669971545],[54.43557310011852,27.45284669971545],[54.43807299956933,27.452288999537757],[54.4422395999776,27.452288999537757],[54.44334950007942,27.45201909950191],[54.44501620013756,27.45201909950191],[54.45029619990976,27.45284669971545],[54.45223949995301,27.452846599890734],[54.455019399725586,27.453404300068428],[54.456686099783724,27.453404399893202],[54.4975186994285,27.4614551002727],[54.49779879957498,27.461733999824276],[54.499741999793514,27.461733999824276],[54.50057539973494,27.46201290027517],[54.50390860020178,27.46201290027517],[54.50446540015815,27.462291700002027],[54.51279850025065,27.462291700002027],[54.51418859942436,27.462570499728827],[54.518908399802854,27.462570499728827],[54.519741699919564,27.46284940017972],[54.530298200201855,27.462849500004495],[54.53085489943413,27.4625705995536],[54.53349320005117,27.4625705995536],[54.588080700164255,27.465619900238266],[54.5897472994983,27.465898899614558],[54.596133700110215,27.46589879978984],[54.59780040016841,27.466186699756463],[54.60391370005726,27.466186699756463],[54.60835700027542,27.46645659979231],[54.61002359960946,27.466735500243203],[54.61113699987271,27.46673539951911],[54.616690200192636,27.467014299970003],[54.618080099716906,27.46729309969686],[54.62197010014006,27.46729309969686],[54.62336009948905,27.467572000147754],[54.62836000001403,27.467572000147754],[54.628913399633745,27.46785089969933],[54.6411365001494,27.46785089969933],[54.641693200281,27.467572000147754],[54.6464164999216,27.46757190032298],[54.64696969989177,27.46729309969686],[54.651136300300095,27.46729309969686],[54.654469599692334,27.46673539951911],[54.65696959986718,27.46673539951911],[54.68474910029079,27.462291700002027],[54.68613919946455,27.462291600177252],[54.71947519982069,27.454231900282025],[54.72086179973235,27.454231900282025],[54.72280859993697,27.453683199620002],[54.72447509944635,27.453683099795285],[54.7269750996212,27.453125500341628],[54.72891839966445,27.453125500341628],[54.7325283997659,27.452567800163877],[54.73864159983003,27.45173119953529],[54.76836440029689,27.448960700376063],[54.76919769951428,27.44868179992517],[54.77253109963061,27.44868179992517],[54.77336429992255,27.44840300019837],[54.77586430009745,27.44840300019837],[54.78086429954783,27.447566399569723],[54.78419750001467,27.447566399569723],[54.78558750026298,27.447287599842923],[54.788087499538506,27.447287599842923],[54.78975399994721,27.447017799631794],[54.79392070018025,27.447017699807077],[54.79558740023839,27.44673890008022],[54.79836739983568,27.44673890008022],[54.800034000069104,27.44646010035342],[54.804477199563166,27.44646010035342],[54.80558709966499,27.446181199902526],[54.80920050010303,27.446181199902526],[54.81003380021974,27.44590230035095],[54.816143699772,27.44590240017567],[54.81697709971343,27.445623499724775],[54.82114360029698,27.445623499724775],[54.82281019963108,27.44535359968893],[54.82670020005423,27.44535359968893],[54.8280900995785,27.445065699722306],[54.83225689963626,27.44506579954708],[54.83503330014673,27.444517099784377],[54.837256699437205,27.444516999959603],[54.84114660003564,27.443959399606683],[54.8467031997929,27.443959399606683],[54.847536599734326,27.443680599879826],[54.8536465001859,27.443680599879826],[54.85447980030261,27.443401700328252],[54.858089699679965,27.443401599604215],[54.8619796002784,27.44285289984151],[54.86586959980224,27.44285289984151],[54.86670289991895,27.442565099699664],[54.868092900167255,27.442565099699664],[54.87447939970457,27.442286299972807],[54.87809280014267,27.442286299972807],[54.87892610025938,27.44201639993696],[54.88336929975344,27.44201639993696],[54.88503599981158,27.441737500385386],[54.887815899584155,27.44173760021016],[54.893649299875335,27.440900999581515],[54.89614909950137,27.440900999581515],[54.923371999618155,27.43785169979617],[54.92753860002642,27.43785169979617],[54.928371900143134,27.437572800244595],[54.93226189966697,27.437572900069313],[54.94837160026918,27.43590879995122],[54.9553182002748,27.43590879995122],[54.95698489943362,27.435620999809316],[54.961428099827,27.435620999809316],[54.963094700060424,27.4353421002578],[54.967541399715856,27.4353421002578],[54.97198460010924,27.434793500319813],[54.97476109954516,27.434793299771002],[54.97559439966187,27.4345145000442],[54.977817799851664,27.43446830007207],[54.99309749994973,27.43340819992852],[54.994764200007864,27.4331202999619],[54.99893090024091,27.4331202999619],[55.00059749957501,27.4328415002351],[55.00893059966751,27.432841399511005],[55.01448730014886,27.432571600199253],[55.02254369953215,27.432292799573077],[55.0244869995754,27.432013900021502],[55.02893029979356,27.432013900021502],[55.03059690002698,27.431735100294702],[55.03282030021671,27.43173520011942],[55.03698689972572,27.43117740011695],[55.03921010026596,27.43117740011695],[55.04087679942478,27.43090759990588],[55.04310019961457,27.43090759990588],[55.04448669970151,27.430628700354305],[55.04643349990613,27.430628700354305],[55.04781999999307,27.430340800387683],[55.04976659964893,27.4303409002124],[55.05087670029951,27.430071000176554],[55.052819899618726,27.430071000176554],[55.0539332000572,27.429792199550434],[55.06532310028092,27.429792199550434],[55.06698979943974,27.42951329999886],[55.06865639967316,27.429792199550434],[55.07143299983312,27.42951329999886],[55.073379700213025,27.429792199550434],[55.08282280023212,27.429792199550434],[55.083656099449456,27.430070900351836],[55.118102199556915,27.430340800387683],[55.11949229963,27.430071000176554],[55.12560220008152,27.430071000176554],[55.12643550019823,27.4303409002124],[55.12810209953233,27.430340800387683],[55.12837869951744,27.430628700354305],[55.12949199995586,27.430628700354305],[55.13226860011588,27.431734999570608],[55.132548800087136,27.432013900021502],[55.132825300247475,27.43229269974836],[55.135325299523004,27.432841399511005],[55.13782529969785,27.43395679986645],[55.138381999829505,27.43395679986645],[55.138381999829505,27.434235599593308],[55.13921520012144,27.434235700317345],[55.14088190017958,27.43507209949786],[55.14088190017958,27.435341999533705],[55.16893809951375,27.452567599615065],[55.18421449999926,27.462570300079335],[55.18699449959655,27.4642345000222],[55.18727109958161,27.464792200199952],[55.188384400020084,27.465071099751526],[55.19005110007828,27.466456400142818],[55.19977089990715,27.47145779983765],[55.20421759956264,27.47367969995821],[55.22644060005371,27.48146079977613],[55.25672009975284,27.49562909970325],[55.266719899903535,27.504786799870942],[55.27310989960222,27.509239800176715],[55.273386399762614,27.509518699728233],[55.27394319971893,27.510067399490936],[55.274496399689156,27.51034629994183],[55.27505319964553,27.510346200117112],[55.27560989977712,27.510904099944298],[55.27616309974729,27.51090400011958],[55.27644310006906,27.511461700297275],[55.276996399864004,27.51146180012205],[55.29310949990355,27.52868030005584],[55.29338159968114,27.528954800123984],[55.310889300001236,27.55173809983347],[55.31283260004449,27.55451799960605],[55.31894580010862,27.56062670036198],[55.32227909950092,27.56368549968613],[55.33144570025894,27.571737700134804],[55.36366840017661,27.588129900274737],[55.36672509958373,27.5892365996894],[55.37950149989433,27.598404599792502],[55.38033480001104,27.599241400070582],[55.387558000001775,27.60312800015714],[55.38811479995809,27.603407100257527],[55.410337799549836,27.6195122997529],[55.43700399953502,27.642572999844106],[55.437560599841845,27.64340069988242],[55.44033720000181,27.6459022001265],[55.44228389948245,27.64840349982171],[55.443950599540585,27.65118389961731],[55.44450379951081,27.651462800068202],[55.45756029996795,27.68840890035051],[55.46589359970989,27.70563189959256],[55.46756010011859,27.709519200250952],[55.471450099642425,27.71868890007272],[55.48061680022522,27.72924429958482],[55.48144989979312,27.729523299860432],[55.48756340023078,27.735912500061886],[55.491173299608135,27.738126299988778],[55.500063000007515,27.742301800088057],[55.516729499666724,27.745631499494152],[55.524509399789,27.75062589976551],[55.52534269990571,27.75062589976551],[55.528119300065725,27.752290800280264],[55.52895260018238,27.75284870010745],[55.54700900026518,27.76674350001258],[55.56728869981367,27.781466499979047],[55.56784530012055,27.782294499491627],[55.56839869974027,27.78257339994252],[55.56839869974027,27.782852500042907],[55.569512100003465,27.784535799787363],[55.572845299570986,27.78813519957987],[55.57728849996437,27.794524899804344],[55.578678500212675,27.796747899795776],[55.578955200022506,27.79841280031053],[55.57923180000762,27.79924079982311],[55.579511799430065,27.80368660015654],[55.57923180000762,27.80563059987236],[55.578955200022506,27.80646759979993],[55.58006519994905,27.80869059979142],[55.57965889973849,27.809928200026434],[55.5795119001541,27.810076500030505],[55.57589859954078,27.820075499784537],[55.57562189973095,27.82035440023543],[55.575621999555665,27.82063339961178],[55.54506589987142,27.860351400197032],[55.53534269970589,27.874797399980082],[55.53478589974952,27.875076500080468],[55.53423269977935,27.875904499593048],[55.523952799482174,27.889801699788677],[55.51922949984157,27.89757840012311],[55.516452999506384,27.900071700348747],[55.51422960021591,27.902304000229492],[55.50089649977372,27.92285349998906],[55.5006198997886,27.923411700189888],[55.50006309983223,27.92369069956618],[55.490620099637965,27.93146780009897],[55.49006339950631,27.931746900199357],[55.49006339950631,27.93202589957565],[55.488396699448174,27.93341210018832],[55.46728369978297,27.955078799846774],[55.45922709985081,27.96174899951677],[55.4439508000894,27.969805600348252],[55.44117079959278,27.97146199957166],[55.40644799967549,27.987584500224557],[55.393948300074044,27.994804200053863],[55.38894829972429,27.996748599967987],[55.38672500025859,27.99869299988211],[55.38672500025859,28.00508470019878],[55.39033499946072,28.018966299854924],[55.39061489995771,28.020082499707655],[55.39116829957743,28.023134299608273],[55.391448299899196,28.02535800017165],[55.391448299899196,28.025834499662494],[55.394781600190754,28.035359799515163],[55.395058099451774,28.036197099816377],[55.395338199598314,28.037853599763878],[55.395614900307464,28.039248899716995],[55.39589150029258,28.040635399803932],[55.39617159953974,28.041742799790427],[55.396724900234005,28.04536190013164],[55.39672479950997,28.046748199669707],[55.39811489958299,28.052582099983965],[55.398391499568106,28.054247600346514],[55.39867159971459,28.055643000124405],[55.3989481996997,28.05702940038657],[55.399224799684816,28.058974099774957],[55.3995048998313,28.060639600137506],[55.39978159964119,28.062026100224386],[55.400058199626244,28.06341249958723],[55.4006148997579,28.06758089953894],[55.40033819994801,28.085641199981467],[55.3995048998313,28.096192999507366],[55.399224899509534,28.09841679989546],[55.395058300000585,28.146199099508863],[55.395338400147125,28.146469200093577],[55.39561500013218,28.14897230023155],[55.395891600117295,28.152583000005507],[55.39589150029258,28.153699500231824],[55.39617159953974,28.15396959991716],[55.39644830024889,28.15675180015552],[55.396724900234005,28.158975800193048],[55.39700499948117,28.16036240010476],[55.397281700190376,28.162307399866677],[55.397558199451396,28.168141999853447],[55.39783829959788,28.17091529950153],[55.39839170011692,28.174246800249705],[55.39867159971459,28.176470999936726],[55.398948400248514,28.179532400100243],[55.399224899509534,28.182305599923552],[55.40172489968444,28.19452470025476],[55.401724999509156,28.21147130006051],[55.40181860004839,28.21156470005093],[55.402838200122915,28.21313719972204],[55.403114899932746,28.213974599847973],[55.40005829945102,28.244807299517333],[55.400338299772784,28.245365599542822],[55.400614999582615,28.248418299664877],[55.401171599889494,28.252308599562298],[55.40228169964075,28.25674819996948],[55.402558299625866,28.25870229997122],[55.40450500000583,28.26786959950249],[55.404781500166166,28.26980580029749],[55.405058199976,28.272309299734445],[55.40533830012248,28.27453360014556],[55.405614900107594,28.276199599631866],[55.40589150009271,28.27925239957864],[55.405614900107594,28.282584500174607],[55.40589159991748,28.283142800200096],[55.405614900107594,28.285646400361145],[55.40589159991748,28.286474899896746],[55.406448200224304,28.296191900136137],[55.407558200150845,28.301757399584346],[55.407838300297385,28.303693600379404],[55.408391500267555,28.306476399566236],[55.408391500267555,28.307304900001213],[55.408391500267555,28.307863299851476],[55.408671599514776,28.30814249977658],[55.40839160009233,28.308691800286397],[55.408671599514776,28.308971000211557],[55.408391500267555,28.309808500162205],[55.408671599514776,28.310087700087365],[55.408391500267555,28.31258229983331],[55.408391500267555,28.314248400043653],[55.408114799558405,28.315365199744235],[55.408391500267555,28.31564429984462],[55.408114799558405,28.317589599980124],[55.407838300297385,28.31813900031466],[55.408114799558405,28.318697300340204],[55.40478169981566,28.352028799589505],[55.40505829980077,28.35425329965011],[55.40672490003419,28.360368599631215],[55.407005000180675,28.362305000075764],[55.40700510000539,28.380363000052455],[55.406448200224304,28.386199299757948],[55.40617160023919,28.387865599617783],[55.406448200224304,28.38814469971817],[55.40672499985891,28.39259410003774],[55.407005000180675,28.394809699508073],[55.40728160016579,28.397034400117548],[55.407838300297385,28.418416799795523],[55.40839160009233,28.420362299580518],[55.40867170023881,28.423424599965358],[55.408948300223926,28.425370199575127],[55.40978159944132,28.433143299923415],[55.41089160026718,28.440646299687046],[55.414504800156465,28.462029800135213],[55.41450489998118,28.46258829981025],[55.41561489990778,28.466758699854154],[55.41561489990778,28.46731719952919],[55.42672810032161,28.502591399873268],[55.43006139971391,28.508149300050206],[55.431171299815674,28.509815799559533],[55.44228450022956,28.516202499645715],[55.448117799796705,28.52258919973184],[55.44922769989847,28.52564299972471],[55.45311759959759,28.541200200029266],[55.45284109943725,28.543983799612704],[55.45117440027843,28.552316600230995],[55.44756109966505,28.560090799550835],[55.42617150001479,28.586207000252898],[55.42617150001479,28.58647719976301],[55.42339489985483,28.588702399496185],[55.378115599655246,28.630369300203085],[55.36839250021376,28.642874299509344],[55.3681123002425,28.643423799668653],[55.365335799907314,28.647036600258957],[55.35088920027641,28.660370699847988],[55.307556700281566,28.689544199805027],[55.30366679968313,28.69203990032122],[55.28588699958544,28.70425739985916],[55.25866399964394,28.718151000068644],[55.254774099944825,28.72148480038328],[55.253940799828115,28.721764100133157],[55.25199749978486,28.723989600239918],[55.25199759960958,28.724259899574747],[55.251720799974976,28.72481849997382],[55.25172089979975,28.72676480015548],[55.24894100002717,28.741757999632057],[55.24783100010063,28.746758699654322],[55.24783100010063,28.747038100128293],[55.24560759991084,28.75926529975385],[55.24505439994067,28.7634282003512],[55.24477429979413,28.76398689967573],[55.245054300115896,28.764536499659755],[55.24477429979413,28.769816699980765],[55.244497699809074,28.77370940016874],[55.24422109982396,28.775646600110576],[55.2439408998527,28.776205400159142],[55.244220999999186,28.776763999658897],[55.24366439969236,28.78231460003883],[55.24394099967742,28.782873400087396],[55.24394099967742,28.785099000018874],[55.24394099967742,28.78704540002525],[55.24477429979413,28.794263099762304],[55.245054300115896,28.79510109973603],[55.2453310997505,28.801210599989247],[55.24560759991084,28.803985899729525],[55.2458877998821,28.806761400018672],[55.24616439986721,28.810374799557394],[55.24644109967704,28.812321099738995],[55.24672100017409,28.81454690021934],[55.24699769998392,28.815655300251933],[55.24727439979375,28.818989400040834],[55.2475543002908,28.822314600138725],[55.24783100010063,28.82898279971647],[55.24755440011552,28.835651199843028],[55.24783100010063,28.836209900066876],[55.24810769991046,28.842598999544236],[55.24977430014388,28.852601700008506],[55.25033089955144,28.853710100041155],[55.250607600260594,28.8550978996484],[55.25116429949287,28.857044299654774],[55.26199760030909,28.899823200380467],[55.26255419971659,28.9034279997025],[55.26311080002347,28.90676239986493],[55.2633874998333,28.907321199913497],[55.26366409981841,28.908429599946146],[55.26394410014018,28.909826499793155],[55.26422079995001,28.912881600205708],[55.26449749975984,28.914260500122055],[55.26477750008161,28.916765800001713],[55.26561080019832,28.923714199550716],[55.26588750000815,28.92426400008361],[55.26616409999326,28.925651799690854],[55.26672080012486,28.92759840024604],[55.26672080012486,28.92815730011938],[55.26949740028488,28.938990000188426],[55.27033069950221,28.94315370028312],[55.270887399633864,28.948714400049596],[55.271164099443695,28.951490199812895],[55.271720699750574,28.95593330038156],[55.27199729973563,28.957600700112266],[55.27227739988217,28.95898849971951],[55.27255399986723,28.961205600158394],[55.27894389974125,28.983989700264488],[55.279220700275175,28.98843289975855],[55.279497199536195,28.99010040021335],[55.27977729968268,28.99148829964537],[55.28005399949251,28.993435099850046],[55.280333999814275,28.994264299957536],[55.28061059979939,28.995102499580753],[55.28005399949251,28.999266400224258],[55.278663900318804,29.00954119956674],[55.278663900318804,29.01288500034252],[55.278663900318804,29.01538170000549],[55.27755400021698,29.030379499514368],[55.27727740023187,29.033435000125223],[55.27505409986685,29.045656999870687],[55.27061089947347,29.06205239979846],[55.266997499934746,29.07538350014846],[55.26227769955625,29.094546599645923],[55.26199760030909,29.094826000119838],[55.26116430019238,29.09621419992544],[55.26061110022215,29.096772999974007],[55.25088780023185,29.11565710009512],[55.24922119999843,29.118712900180242],[55.23005139965244,29.15065909993757],[55.228941499550615,29.152047299743117],[55.21949500009424,29.170932499735102],[55.19977189995325,29.20343920015904],[55.19588539969152,29.208992399579643],[55.18727209962776,29.22065770009283],[55.16727250022575,29.249830399653263],[55.165325799845846,29.25232760023863],[55.16477259987562,29.252607099638],[55.164215799919305,29.253715999693668],[55.128936399695135,29.288163799519793],[55.1256031003029,29.291219999803218],[55.08143380002991,29.327886900160365],[55.04754430022933,29.34899329970108],[55.035877899845275,29.355385699690316],[55.027821299913114,29.359830599802365],[55.01309810029716,29.367881999854433],[54.9839319999619,29.39483180014753],[54.96892880002417,29.41955510028771],[54.963095600281804,29.427615999878526],[54.95392899952378,29.442890500096553],[54.95059579995626,29.44705620028344],[54.949485700204946,29.44816529998866],[54.94892909989812,29.448724299686717],[54.948372499591244,29.448994799570414],[54.94837239976647,29.449283400108868],[54.94726259948942,29.44983350011597],[54.9372628002381,29.459833199542572],[54.935316000033424,29.46233090015096],[54.913926399483785,29.484828600359663],[54.90670650000504,29.493998999854],[54.882536800033336,29.527056800331138],[54.88198019972651,29.527886299912836],[54.879203599566495,29.5315024001157],[54.83531429961528,29.579837399676308],[54.816144500168605,29.593725100333188],[54.798088199910524,29.602057900052102],[54.791144899517576,29.60427639983601],[54.78447829983372,29.605944699788097],[54.77475509966814,29.60817219998711],[54.773322499433846,29.60864509949181],[54.77308849943478,29.608722299994213],[54.73867609962235,29.612818499674063],[54.73808560027027,29.61288869985367],[54.73762549991693,29.613004599982332],[54.7369757001685,29.613168299977133],[54.72086260012895,29.613168299977133],[54.71919599989553,29.61344780027582],[54.694749600113994,29.61344790010054],[54.68669649944394,29.612618100145255],[54.68308309990522,29.61261819997003],[54.68086329970157,29.612338599846566],[54.675026599797775,29.612338599846566],[54.673916599871234,29.612058999723104],[54.66864010026046,29.612058999723104],[54.664750099837306,29.611499900200272],[54.661973499677345,29.611499900200272],[54.655026899671725,29.610670200069706],[54.65225040023586,29.610670200069706],[54.650583599453626,29.610390699771017],[54.6441936995796,29.61039079959579],[54.6436371001721,29.610111099647554],[54.64030379988054,29.610111200371648],[54.63863709982235,29.610110999822837],[54.63697060031302,29.6103905999463],[54.63638119993249,29.610390699771017],[54.63558050023994,29.610390699771017],[54.63546500030958,29.610507400296342],[54.635303900254826,29.61067029989448],[54.63438490014306,29.610670200069706],[54.6339138001818,29.610670200069706],[54.631932699834294,29.611327699813558],[54.63141389983167,29.611499900200272],[54.6186373996963,29.61122940031663],[54.615304200128776,29.611499900200272],[54.59280120021526,29.614836699753937],[54.592073899590844,29.61483659992922],[54.59169120028872,29.61483659992922],[54.58474799972049,29.616784599829487],[54.57113489985579,29.622890000073482],[54.56641149949115,29.624278699902106],[54.56307829992363,29.625667499555504],[54.56224499980692,29.625947099678967],[54.561411599865494,29.62649729951079]]]}}]}